deck.href,deck.text,player.href,player.text,event.href,event.text,rank,date
http://www.mtgtop8.com/event?e=9081&d=251750&f=MO,Jund,http://www.mtgtop8.com/search?player=Horstimaus19,Horstimaus19,http://www.mtgtop8.com/event?e=9081&f=MO,MTGO Modern Daily (#7974069),1,12/2/2015
http://www.mtgtop8.com/event?e=9064&d=251644&f=MO,Jund,http://www.mtgtop8.com/search?player=Park+Jong-Sun+(24+Pts),Park Jong-Sun (24 Pts),http://www.mtgtop8.com/event?e=9064&f=MO,Pro Tour Fate Reforged @ Washington DC,Other,8/2/2015
http://www.mtgtop8.com/event?e=9063&d=251627&f=MO,Jund,http://www.mtgtop8.com/search?player=_VFS_,_VFS_,http://www.mtgtop8.com/event?e=9063&f=MO,MTGO Modern Daily (#7949715),5,5/2/2015
http://www.mtgtop8.com/event?e=9019&d=251362&f=MO,Jund,http://www.mtgtop8.com/search?player=Horstimaus19,Horstimaus19,http://www.mtgtop8.com/event?e=9019&f=MO,MTGO Modern Daily (#7929978),6,31/01/15
http://www.mtgtop8.com/event?e=8981&d=251168&f=MO,Jund,http://www.mtgtop8.com/search?player=_VFS_,_VFS_,http://www.mtgtop8.com/event?e=8981&f=MO,MTGO Modern Daily (#7911818),4,22/01/15
http://www.mtgtop8.com/event?e=8921&d=250901&f=MO,Jund,http://www.mtgtop8.com/search?player=Barnini+Lorenzo,Barnini Lorenzo,http://www.mtgtop8.com/event?e=8921&f=MO,"PPTQ @ Games Academy (Pisa, Italy)",10,28/12/14
http://www.mtgtop8.com/event?e=8807&d=250256&f=MO,Jund,http://www.mtgtop8.com/search?player=Frankaiser,Frankaiser,http://www.mtgtop8.com/event?e=8807&f=MO,MTGO Modern Daily (#7815834),3,25/12/14
http://www.mtgtop8.com/event?e=8757&d=250044&f=MO,Jund,http://www.mtgtop8.com/search?player=_VFS_,_VFS_,http://www.mtgtop8.com/event?e=8757&f=MO,MTGO Modern Daily (#7797232),3,18/12/14
http://www.mtgtop8.com/event?e=8752&d=250021&f=MO,Jund,http://www.mtgtop8.com/search?player=Tardiani+Mattia,Tardiani Mattia,http://www.mtgtop8.com/event?e=8752&f=MO,PPTQ - Day of Judgment 3rd Ed. @ Caos AD,2,7/12/2014
http://www.mtgtop8.com/event?e=8674&d=249589&f=MO,Jund,http://www.mtgtop8.com/search?player=_VFS_,_VFS_,http://www.mtgtop8.com/event?e=8674&f=MO,MTGO Modern Daily (#7729886),3,3/12/2014
http://www.mtgtop8.com/event?e=8600&d=249259&f=MO,Jund,http://www.mtgtop8.com/search?player=dancingjesus102,dancingjesus102,http://www.mtgtop8.com/event?e=8600&f=MO,MTGO Modern Daily (#7704457),4,20/11/14
http://www.mtgtop8.com/event?e=8424&d=248396&f=MO,Jund,http://www.mtgtop8.com/search?player=TonyMontana,TonyMontana,http://www.mtgtop8.com/event?e=8424&f=MO,MTGO Modern Daily (#7620531),6,2/11/2014
http://www.mtgtop8.com/event?e=8288&d=247656&f=MO,Jund,http://www.mtgtop8.com/search?player=TomLocke,TomLocke,http://www.mtgtop8.com/event?e=8288&f=MO,MTGO Modern Daily (#7532989),2,10/10/2014
http://www.mtgtop8.com/event?e=8226&d=247342&f=MO,Jund,http://www.mtgtop8.com/search?player=Miguel+Suarez,Miguel Suarez,http://www.mtgtop8.com/event?e=8226&f=MO,IV Arcanis Deluxe - Modern Main Event,12,28/09/14
http://www.mtgtop8.com/event?e=8212&d=247279&f=MO,Jund,http://www.mtgtop8.com/search?player=TonyMontana,TonyMontana,http://www.mtgtop8.com/event?e=8212&f=MO,MTGO Modern Daily (#7484187),2,21/09/14
http://www.mtgtop8.com/event?e=8095&d=246645&f=MO,Jund,http://www.mtgtop8.com/search?player=Sebastian+Vaa+Ytterstr¶m,Sebastian Vaa Ytterstr¶m,http://www.mtgtop8.com/event?e=8095&f=MO,GPT Stockholm - in Trollhättan,12,31/08/14
http://www.mtgtop8.com/event?e=8078&d=246541&f=MO,Jund,http://www.mtgtop8.com/search?player=Bahra,Bahra,http://www.mtgtop8.com/event?e=8078&f=MO,MTGO Modern Daily (#7401916),1,27/08/14
http://www.mtgtop8.com/event?e=8097&d=246664&f=MO,Jund,http://www.mtgtop8.com/search?player=Francesco+Curia,Francesco Curia,http://www.mtgtop8.com/event?e=8097&f=MO,"PTQ Khans of Tarkir (Grosseto, Italy)",12,24/08/14
http://www.mtgtop8.com/event?e=8064&d=246470&f=MO,Jund,http://www.mtgtop8.com/search?player=Joseph+Herrera,Joseph Herrera,http://www.mtgtop8.com/event?e=8064&f=MO,"PTQ Khans of Tarkir (Roswell, Georgia)",2,23/08/14
http://www.mtgtop8.com/event?e=8054&d=246420&f=MO,Jund,http://www.mtgtop8.com/search?player=Yamaguti+Satosi,Yamaguti Satosi,http://www.mtgtop8.com/event?e=8054&f=MO,GP Kobe 2014 - Trial Winners,1,22/08/14
http://www.mtgtop8.com/event?e=8054&d=246427&f=MO,Jund,http://www.mtgtop8.com/search?player=Sugata+Takayuki,Sugata Takayuki,http://www.mtgtop8.com/event?e=8054&f=MO,GP Kobe 2014 - Trial Winners,1,22/08/14
http://www.mtgtop8.com/event?e=8107&d=246701&f=MO,Jund,http://www.mtgtop8.com/search?player=Qian+Shen,Qian Shen,http://www.mtgtop8.com/event?e=8107&f=MO,"PTQ Khans of Tarkir (Oakland, California)",12,21/08/14
http://www.mtgtop8.com/event?e=8011&d=246129&f=MO,Jund,http://www.mtgtop8.com/search?player=kjon999,kjon999,http://www.mtgtop8.com/event?e=8011&f=MO,MTGO Modern Daily (#7356189),2,13/08/14
http://www.mtgtop8.com/event?e=8008&d=246113&f=MO,Jund,http://www.mtgtop8.com/search?player=DarkNoob,DarkNoob,http://www.mtgtop8.com/event?e=8008&f=MO,MTGO Modern Daily (#7356182),3,12/8/2014
http://www.mtgtop8.com/event?e=7975&d=245908&f=MO,Jund,http://www.mtgtop8.com/search?player=kjon999,kjon999,http://www.mtgtop8.com/event?e=7975&f=MO,MTGO Modern Daily (#7356073),3,9/8/2014
http://www.mtgtop8.com/event?e=8052&d=246369&f=MO,Jund,http://www.mtgtop8.com/search?player=Devin+Koepek,Devin Koepek,http://www.mtgtop8.com/event?e=8052&f=MO,"PTQ Khans of Tarkir (Memphis, Tennessee)",1,9/8/2014
http://www.mtgtop8.com/event?e=7971&d=245893&f=MO,Jund,http://www.mtgtop8.com/search?player=Samwise_GeeGee,Samwise_GeeGee,http://www.mtgtop8.com/event?e=7971&f=MO,MTGO Modern Daily (#7356006),4,8/8/2014
http://www.mtgtop8.com/event?e=7937&d=245652&f=MO,Jund,http://www.mtgtop8.com/search?player=GMKiller,GMKiller,http://www.mtgtop8.com/event?e=7937&f=MO,MTGO Modern Premier (#7332812),9,3/8/2014
http://www.mtgtop8.com/event?e=7937&d=245653&f=MO,Jund,http://www.mtgtop8.com/search?player=Boin,Boin,http://www.mtgtop8.com/event?e=7937&f=MO,MTGO Modern Premier (#7332812),8,3/8/2014
http://www.mtgtop8.com/event?e=7945&d=245708&f=MO,Jund,http://www.mtgtop8.com/search?player=DuarteCruz,DuarteCruz,http://www.mtgtop8.com/event?e=7945&f=MO,MTGO Modern Daily (#7332854),2,3/8/2014
http://www.mtgtop8.com/event?e=7963&d=245843&f=MO,Jund,http://www.mtgtop8.com/search?player=Aaron+Standiford,Aaron Standiford,http://www.mtgtop8.com/event?e=7963&f=MO,2014 Modern State Championships - Florida,3,3/8/2014
http://www.mtgtop8.com/event?e=7965&d=245860&f=MO,Jund,http://www.mtgtop8.com/search?player=Matthew+Bartley,Matthew Bartley,http://www.mtgtop8.com/event?e=7965&f=MO,2014 Modern State Championships - New Hampshire,4,3/8/2014
http://www.mtgtop8.com/event?e=7996&d=246007&f=MO,Jund,http://www.mtgtop8.com/search?player=Nick+Otenti,Nick Otenti,http://www.mtgtop8.com/event?e=7996&f=MO,2014 Modern State Championships - Massachusetts,10,3/8/2014
http://www.mtgtop8.com/event?e=7996&d=246014&f=MO,Jund,http://www.mtgtop8.com/search?player=Charlie+Heveran,Charlie Heveran,http://www.mtgtop8.com/event?e=7996&f=MO,2014 Modern State Championships - Massachusetts,1,3/8/2014
http://www.mtgtop8.com/event?e=7998&d=246029&f=MO,Jund,http://www.mtgtop8.com/search?player=Kerry+Edwards,Kerry Edwards,http://www.mtgtop8.com/event?e=7998&f=MO,2014 Modern State Championships - Montana,10,3/8/2014
http://www.mtgtop8.com/event?e=7998&d=246030&f=MO,Jund,http://www.mtgtop8.com/search?player=Unknown,Unknown,http://www.mtgtop8.com/event?e=7998&f=MO,2014 Modern State Championships - Montana,10,3/8/2014
http://www.mtgtop8.com/event?e=8005&d=246094&f=MO,Jund,http://www.mtgtop8.com/search?player=Nathan+Kaufman,Nathan Kaufman,http://www.mtgtop8.com/event?e=8005&f=MO,2014 Modern State Championships - South Carolina,1,3/8/2014
http://www.mtgtop8.com/event?e=8022&d=246224&f=MO,Jund,http://www.mtgtop8.com/search?player=Randall+Gay,Randall Gay,http://www.mtgtop8.com/event?e=8022&f=MO,SCG Premier IQ - Dallas,2,3/8/2014
http://www.mtgtop8.com/event?e=8022&d=246231&f=MO,Jund,http://www.mtgtop8.com/search?player=Parker+May,Parker May,http://www.mtgtop8.com/event?e=8022&f=MO,SCG Premier IQ - Dallas,7,3/8/2014
http://www.mtgtop8.com/event?e=8022&d=246232&f=MO,Jund,http://www.mtgtop8.com/search?player=Raymond+Maglunog,Raymond Maglunog,http://www.mtgtop8.com/event?e=8022&f=MO,SCG Premier IQ - Dallas,6,3/8/2014
http://www.mtgtop8.com/event?e=7931&d=245607&f=MO,Jund,http://www.mtgtop8.com/search?player=bone55,bone55,http://www.mtgtop8.com/event?e=7931&f=MO,MTGO Modern Daily (#7332810),2,2/8/2014
http://www.mtgtop8.com/event?e=7932&d=245615&f=MO,Jund,http://www.mtgtop8.com/search?player=Ransunna,Ransunna,http://www.mtgtop8.com/event?e=7932&f=MO,MTGO Modern Premier (#7332801),8,2/8/2014
http://www.mtgtop8.com/event?e=7905&d=245456&f=MO,Jund,http://www.mtgtop8.com/search?player=Andrew+Boswell,Andrew Boswell,http://www.mtgtop8.com/event?e=7905&f=MO,Grand Prix Boston 2014,2,27/07/14
http://www.mtgtop8.com/event?e=7947&d=245721&f=MO,Jund,http://www.mtgtop8.com/search?player=Hayden+Passarelli,Hayden Passarelli,http://www.mtgtop8.com/event?e=7947&f=MO,"PTQ Khans of Tarkir (St. Louis, Missouri)",2,26/07/14
http://www.mtgtop8.com/event?e=7947&d=245724&f=MO,Jund,http://www.mtgtop8.com/search?player=Nick+Lore,Nick Lore,http://www.mtgtop8.com/event?e=7947&f=MO,"PTQ Khans of Tarkir (St. Louis, Missouri)",4,26/07/14
http://www.mtgtop8.com/event?e=7906&d=245465&f=MO,Jund,http://www.mtgtop8.com/search?player=Charles+Zhang,Charles Zhang,http://www.mtgtop8.com/event?e=7906&f=MO,GP Boston 2014 - Trial Winners,1,25/07/14
http://www.mtgtop8.com/event?e=7906&d=245479&f=MO,Jund,http://www.mtgtop8.com/search?player=Nick+Usman,Nick Usman,http://www.mtgtop8.com/event?e=7906&f=MO,GP Boston 2014 - Trial Winners,1,25/07/14
http://www.mtgtop8.com/event?e=7897&d=245423&f=MO,Jund,http://www.mtgtop8.com/search?player=DuarteCruz,DuarteCruz,http://www.mtgtop8.com/event?e=7897&f=MO,MTGO Modern Daily (#7313310),3,24/07/14
http://www.mtgtop8.com/event?e=7854&d=245235&f=MO,Jund,http://www.mtgtop8.com/search?player=Eduardo+Ossorio,Eduardo Ossorio,http://www.mtgtop8.com/event?e=7854&f=MO,Evomodern,2,19/07/14
http://www.mtgtop8.com/event?e=7890&d=245390&f=MO,Jund,http://www.mtgtop8.com/search?player=Ignasi+Villagrasa,Ignasi Villagrasa,http://www.mtgtop8.com/event?e=7890&f=MO,4º Open Modern Catalunya,5,19/07/14
http://www.mtgtop8.com/event?e=7811&d=245002&f=MO,Jund,http://www.mtgtop8.com/search?player=sakimmd,sakimmd,http://www.mtgtop8.com/event?e=7811&f=MO,MTGO Modern Premier (#7283118),2,14/07/14
http://www.mtgtop8.com/event?e=7799&d=244925&f=MO,Jund,http://www.mtgtop8.com/search?player=sakimmd,sakimmd,http://www.mtgtop8.com/event?e=7799&f=MO,MTGO Modern Premier (#7283106),9,13/07/14
http://www.mtgtop8.com/event?e=7781&d=244792&f=MO,Jund,http://www.mtgtop8.com/search?player=DoogieH,DoogieH,http://www.mtgtop8.com/event?e=7781&f=MO,MTGO Modern Daily (#7282989),5,10/7/2014
http://www.mtgtop8.com/event?e=7860&d=245256&f=MO,Jund,http://www.mtgtop8.com/search?player=Daniel+Martines,Daniel Martines,http://www.mtgtop8.com/event?e=7860&f=MO,"PTQ Khans of Tarkir (Murcia, Spain)",10,6/7/2014
http://www.mtgtop8.com/event?e=7725&d=244458&f=MO,Jund,http://www.mtgtop8.com/search?player=gnorilgrande,gnorilgrande,http://www.mtgtop8.com/event?e=7725&f=MO,MTGO Modern Daily (#7242048),3,30/06/14
http://www.mtgtop8.com/event?e=7722&d=244424&f=MO,Jund,http://www.mtgtop8.com/search?player=Dragner,Dragner,http://www.mtgtop8.com/event?e=7722&f=MO,MTGO Modern Premier (#7241969),1,29/06/14
http://www.mtgtop8.com/event?e=7722&d=244431&f=MO,Jund,http://www.mtgtop8.com/search?player=Boin,Boin,http://www.mtgtop8.com/event?e=7722&f=MO,MTGO Modern Premier (#7241969),13,29/06/14
http://www.mtgtop8.com/event?e=7724&d=244448&f=MO,Jund,http://www.mtgtop8.com/search?player=Darkham26,Darkham26,http://www.mtgtop8.com/event?e=7724&f=MO,MTGO Modern Premier (#7241929),4,28/06/14
http://www.mtgtop8.com/event?e=7891&d=245396&f=MO,Jund,http://www.mtgtop8.com/search?player=Edgar+Tan,Edgar Tan,http://www.mtgtop8.com/event?e=7891&f=MO,"PTQ Khans of Tarkir (Richmond, Kentucky)",4,28/06/14
http://www.mtgtop8.com/event?e=7688&d=244157&f=MO,Jund,http://www.mtgtop8.com/search?player=Dragner,Dragner,http://www.mtgtop8.com/event?e=7688&f=MO,MTGO Modern Daily (#7241873),6,26/06/14
http://www.mtgtop8.com/event?e=7658&d=243982&f=MO,Jund,http://www.mtgtop8.com/search?player=Izwan+Shah,Izwan Shah,http://www.mtgtop8.com/event?e=7658&f=MO,PTQ Khans of Tarkir - Singapore,1,22/06/14
http://www.mtgtop8.com/event?e=7658&d=243989&f=MO,Jund,http://www.mtgtop8.com/search?player=Goh+Yong+Xin,Goh Yong Xin,http://www.mtgtop8.com/event?e=7658&f=MO,PTQ Khans of Tarkir - Singapore,2,22/06/14
http://www.mtgtop8.com/event?e=7663&d=244032&f=MO,Jund,http://www.mtgtop8.com/search?player=Claudio+Blessent,Claudio Blessent,http://www.mtgtop8.com/event?e=7663&f=MO,PTQ Khans of Tarkir - Monza,10,22/06/14
http://www.mtgtop8.com/event?e=7685&d=244132&f=MO,Jund,http://www.mtgtop8.com/search?player=Ronco+Matteo,Ronco Matteo,http://www.mtgtop8.com/event?e=7685&f=MO,Day of Judgment 2014 @ Caos AD,6,22/06/14
http://www.mtgtop8.com/event?e=7687&d=244152&f=MO,Jund,http://www.mtgtop8.com/search?player=Cervellione+Davide,Cervellione Davide,http://www.mtgtop8.com/event?e=7687&f=MO,Kingdom Modern - Galactus Roma,4,22/06/14
http://www.mtgtop8.com/event?e=7687&d=244153&f=MO,Jund,http://www.mtgtop8.com/search?player=Fiacchi+Daniele,Fiacchi Daniele,http://www.mtgtop8.com/event?e=7687&f=MO,Kingdom Modern - Galactus Roma,3,22/06/14
http://www.mtgtop8.com/event?e=7641&d=243865&f=MO,Jund,http://www.mtgtop8.com/search?player=_Noop_,_Noop_,http://www.mtgtop8.com/event?e=7641&f=MO,MTGO Modern Daily (#7218214),5,20/06/14
http://www.mtgtop8.com/event?e=7628&d=243788&f=MO,Jund,http://www.mtgtop8.com/search?player=Monstruito,Monstruito,http://www.mtgtop8.com/event?e=7628&f=MO,MTGO Modern Premier (#7190481),2,16/06/14
http://www.mtgtop8.com/event?e=7604&d=243661&f=MO,Jund,http://www.mtgtop8.com/search?player=Paolo+Magnani,Paolo Magnani,http://www.mtgtop8.com/event?e=7604&f=MO,PTQ Khans of Tarkir - Pescara,12,15/06/14
http://www.mtgtop8.com/event?e=7604&d=243664&f=MO,Jund,http://www.mtgtop8.com/search?player=Enrico+Baldrati,Enrico Baldrati,http://www.mtgtop8.com/event?e=7604&f=MO,PTQ Khans of Tarkir - Pescara,10,15/06/14
http://www.mtgtop8.com/event?e=7615&d=243707&f=MO,Jund,http://www.mtgtop8.com/search?player=Timothy+Bronson,Timothy Bronson,http://www.mtgtop8.com/event?e=7615&f=MO,Southern Ontario II,12,15/06/14
http://www.mtgtop8.com/event?e=7575&d=243460&f=MO,Jund,http://www.mtgtop8.com/search?player=JRandle+,JRandle,http://www.mtgtop8.com/event?e=7575&f=MO,MTGO Modern Daily (#7190435),3,14/06/14
http://www.mtgtop8.com/event?e=7683&d=244116&f=MO,Jund,http://www.mtgtop8.com/search?player=Robert+Victory,Robert Victory,http://www.mtgtop8.com/event?e=7683&f=MO,"PTQ Khans of Tarkir (Attleboro, Massachusetts)",10,14/06/14
http://www.mtgtop8.com/event?e=7723&d=244438&f=MO,Jund,http://www.mtgtop8.com/search?player=Robert+V,Robert V.,http://www.mtgtop8.com/event?e=7723&f=MO,"PTQ Khans of Tarkir (Syracuse, New York)",10,14/06/14
http://www.mtgtop8.com/event?e=7520&d=243109&f=MO,Jund,http://www.mtgtop8.com/search?player=_VFS_+,_VFS_,http://www.mtgtop8.com/event?e=7520&f=MO,MTGO Modern Premier (#7167094),1,8/6/2014
http://www.mtgtop8.com/event?e=7521&d=243122&f=MO,Jund,http://www.mtgtop8.com/search?player=ferranr+,ferranr,http://www.mtgtop8.com/event?e=7521&f=MO,MTGO Modern Daily (#7167133),1,8/6/2014
http://www.mtgtop8.com/event?e=7580&d=243482&f=MO,Jund,http://www.mtgtop8.com/search?player=Stefano+Vinci,Stefano Vinci,http://www.mtgtop8.com/event?e=7580&f=MO,PTQ Khans of Tarkir - Ferrara,1,8/6/2014
http://www.mtgtop8.com/event?e=7580&d=243485&f=MO,Jund,http://www.mtgtop8.com/search?player=Alessio+Ajmone,Alessio Ajmone,http://www.mtgtop8.com/event?e=7580&f=MO,PTQ Khans of Tarkir - Ferrara,12,8/6/2014
http://www.mtgtop8.com/event?e=7662&d=244025&f=MO,Jund,http://www.mtgtop8.com/search?player=Rubén+Pérez,Rubén Pérez,http://www.mtgtop8.com/event?e=7662&f=MO,PTQ Khans of Tarkir - LudoGoya (Madrid),1,8/6/2014
http://www.mtgtop8.com/event?e=7705&d=244294&f=MO,Jund,http://www.mtgtop8.com/search?player=Adam+Jansen,Adam Jansen,http://www.mtgtop8.com/event?e=7705&f=MO,"PTQ Khans of Tarkir (Villa Park, Illinois)",6,8/6/2014
http://www.mtgtop8.com/event?e=7705&d=244295&f=MO,Jund,http://www.mtgtop8.com/search?player=Korbin+Friend,Korbin Friend,http://www.mtgtop8.com/event?e=7705&f=MO,"PTQ Khans of Tarkir (Villa Park, Illinois)",8,8/6/2014
http://www.mtgtop8.com/event?e=7712&d=244349&f=MO,Jund,http://www.mtgtop8.com/search?player=Aaron+Prieto,Aaron Prieto,http://www.mtgtop8.com/event?e=7712&f=MO,"PTQ Khans of Tarkir (Austin, Texas)",2,8/6/2014
http://www.mtgtop8.com/event?e=7712&d=244350&f=MO,Jund,http://www.mtgtop8.com/search?player=Timothy+Thomason,Timothy Thomason,http://www.mtgtop8.com/event?e=7712&f=MO,"PTQ Khans of Tarkir (Austin, Texas)",12,8/6/2014
http://www.mtgtop8.com/event?e=7681&d=244098&f=MO,Jund,http://www.mtgtop8.com/search?player=Kristopher+Hopkins,Kristopher Hopkins,http://www.mtgtop8.com/event?e=7681&f=MO,"PTQ Khans of Tarkir (Portland, Oregon)",3,7/6/2014
http://www.mtgtop8.com/event?e=7682&d=244108&f=MO,Jund,http://www.mtgtop8.com/search?player=Hugo+Rodrigues,Hugo Rodrigues,http://www.mtgtop8.com/event?e=7682&f=MO,"PTQ Khans of Tarkir (North Canton, Ohio)",12,7/6/2014
http://www.mtgtop8.com/event?e=7529&d=243161&f=MO,Jund,http://www.mtgtop8.com/search?player=TiuTangClan+,TiuTangClan,http://www.mtgtop8.com/event?e=7529&f=MO,MTGO Modern Daily (#7167032),4,6/6/2014
http://www.mtgtop8.com/event?e=7511&d=243073&f=MO,Jund,http://www.mtgtop8.com/search?player=Samwise_GeeGee+,Samwise_GeeGee,http://www.mtgtop8.com/event?e=7511&f=MO,MTGO Modern Daily (#7167008),5,5/6/2014
http://www.mtgtop8.com/event?e=7506&d=243054&f=MO,Jund,http://www.mtgtop8.com/search?player=oTHORo+,oTHORo,http://www.mtgtop8.com/event?e=7506&f=MO,MTGO Modern Daily (#7143443),8,3/6/2014
http://www.mtgtop8.com/event?e=7480&d=242871&f=MO,Jund,http://www.mtgtop8.com/search?player=Boin+,Boin,http://www.mtgtop8.com/event?e=7480&f=MO,MTGO Modern Premier (#7143347),4,1/6/2014
http://www.mtgtop8.com/event?e=7583&d=243509&f=MO,Jund,http://www.mtgtop8.com/search?player=Nathan+Maliszewski,Nathan Maliszewski,http://www.mtgtop8.com/event?e=7583&f=MO,"SCG Invitational Qualifier - Arvada, CO",5,1/6/2014
http://www.mtgtop8.com/event?e=7449&d=242651&f=MO,Jund,http://www.mtgtop8.com/search?player=OompaLoompa+,OompaLoompa,http://www.mtgtop8.com/event?e=7449&f=MO,MTGO Modern Premier (#7143337),5,31/05/14
http://www.mtgtop8.com/event?e=7449&d=242653&f=MO,Jund,http://www.mtgtop8.com/search?player=sakimmd+,sakimmd,http://www.mtgtop8.com/event?e=7449&f=MO,MTGO Modern Premier (#7143337),7,31/05/14
http://www.mtgtop8.com/event?e=7425&d=242487&f=MO,Jund,http://www.mtgtop8.com/search?player=Latura+,Latura,http://www.mtgtop8.com/event?e=7425&f=MO,MTGO Modern Daily (#7120413),3,28/05/14
http://www.mtgtop8.com/event?e=7415&d=242437&f=MO,Jund,http://www.mtgtop8.com/search?player=bone55+,bone55,http://www.mtgtop8.com/event?e=7415&f=MO,MTGO Modern Daily (#7120396),6,27/05/14
http://www.mtgtop8.com/event?e=7478&d=242852&f=MO,Jund,http://www.mtgtop8.com/search?player=Enrique+S¡nchez+Fern¡ndez,Enrique S¡nchez Fern¡ndez,http://www.mtgtop8.com/event?e=7478&f=MO,Open Modern Tierra Media Sanlcar,2,25/05/14
http://www.mtgtop8.com/event?e=7478&d=242851&f=MO,Jund,http://www.mtgtop8.com/search?player=Juan+Carlos+Jara,Juan Carlos Jara,http://www.mtgtop8.com/event?e=7478&f=MO,Open Modern Tierra Media Sanlcar,1,25/05/14
http://www.mtgtop8.com/event?e=7392&d=242304&f=MO,Jund,http://www.mtgtop8.com/search?player=JusticeG+,JusticeG,http://www.mtgtop8.com/event?e=7392&f=MO,MTGO Modern Premier (#7120327),2,24/05/14
http://www.mtgtop8.com/event?e=7380&d=242246&f=MO,Jund,http://www.mtgtop8.com/search?player=TonyMontana+,TonyMontana,http://www.mtgtop8.com/event?e=7380&f=MO,MTGO Modern Daily (#7120284),5,22/05/14
http://www.mtgtop8.com/event?e=7374&d=242210&f=MO,Jund,http://www.mtgtop8.com/search?player=osmanozguney+,osmanozguney,http://www.mtgtop8.com/event?e=7374&f=MO,MTGO Modern Daily (#7095575),1,19/05/14
http://www.mtgtop8.com/event?e=7360&d=242143&f=MO,Jund,http://www.mtgtop8.com/search?player=ferranr+,ferranr,http://www.mtgtop8.com/event?e=7360&f=MO,MTGO Modern Daily (#7095550),2,18/05/14
http://www.mtgtop8.com/event?e=7361&d=242152&f=MO,Jund,http://www.mtgtop8.com/search?player=LaMolMachine+,LaMolMachine,http://www.mtgtop8.com/event?e=7361&f=MO,MTGO Modern Premier (#7095520),5,18/05/14
http://www.mtgtop8.com/event?e=7431&d=242527&f=MO,Jund,http://www.mtgtop8.com/search?player=Tarditi+Luciano,Tarditi Luciano,http://www.mtgtop8.com/event?e=7431&f=MO,MagicCellar Prix Grignasco,2,18/05/14
http://www.mtgtop8.com/event?e=7342&d=242052&f=MO,Jund,http://www.mtgtop8.com/search?player=u_mad_bro+,u_mad_bro,http://www.mtgtop8.com/event?e=7342&f=MO,MTGO Modern Premier (#7095492),1,17/05/14
http://www.mtgtop8.com/event?e=7335&d=242015&f=MO,Jund,http://www.mtgtop8.com/search?player=Mordo+Ty+Moja+,Mordo Ty Moja,http://www.mtgtop8.com/event?e=7335&f=MO,MTGO Modern Daily (#7095468),5,15/05/14
http://www.mtgtop8.com/event?e=7327&d=241977&f=MO,Jund,http://www.mtgtop8.com/search?player=bone55+,bone55,http://www.mtgtop8.com/event?e=7327&f=MO,MTGO Modern Daily (#7074982),4,14/05/14
http://www.mtgtop8.com/event?e=7306&d=241843&f=MO,Jund,http://www.mtgtop8.com/search?player=Andrew+Huska,Andrew Huska,http://www.mtgtop8.com/event?e=7306&f=MO,Grand Prix Minneapolis,2,12/5/2014
http://www.mtgtop8.com/event?e=7300&d=241808&f=MO,Jund,http://www.mtgtop8.com/search?player=oriver001+,oriver001,http://www.mtgtop8.com/event?e=7300&f=MO,MTGO Modern Premier (#7074870),1,10/5/2014
http://www.mtgtop8.com/event?e=7581&d=243497&f=MO,Jund,http://www.mtgtop8.com/search?player=Cody+Cook,Cody Cook,http://www.mtgtop8.com/event?e=7581&f=MO,"SCG Invitational Qualifier - Butte, MO",1,10/5/2014
http://www.mtgtop8.com/event?e=7265&d=241634&f=MO,Jund,http://www.mtgtop8.com/search?player=Luca+Rinaldi,Luca Rinaldi,http://www.mtgtop8.com/event?e=7265&f=MO,Italian Magic Tour Roma,10,4/5/2014
http://www.mtgtop8.com/event?e=7273&d=241677&f=MO,Jund,http://www.mtgtop8.com/search?player=Mordo+Ty+Moja+,Mordo Ty Moja,http://www.mtgtop8.com/event?e=7273&f=MO,MTGO Modern Daily (#7051763),2,4/5/2014
http://www.mtgtop8.com/event?e=7273&d=241681&f=MO,Jund,http://www.mtgtop8.com/search?player=kostompy+,kostompy,http://www.mtgtop8.com/event?e=7273&f=MO,MTGO Modern Daily (#7051763),6,4/5/2014
http://www.mtgtop8.com/event?e=7324&d=241965&f=MO,Jund,http://www.mtgtop8.com/search?player=Tommaso+Badiali+,Tommaso Badiali,http://www.mtgtop8.com/event?e=7324&f=MO,Earthquake Finale Emila,4,4/5/2014
http://www.mtgtop8.com/event?e=7324&d=241967&f=MO,Jund,http://www.mtgtop8.com/search?player=Mattia+Fabbri+,Mattia Fabbri,http://www.mtgtop8.com/event?e=7324&f=MO,Earthquake Finale Emila,10,4/5/2014
http://www.mtgtop8.com/event?e=7269&d=241655&f=MO,Jund,http://www.mtgtop8.com/search?player=Patxi+,Patxi,http://www.mtgtop8.com/event?e=7269&f=MO,MTGO Modern Premier (#7051622),1,3/5/2014
http://www.mtgtop8.com/event?e=7280&d=241722&f=MO,Jund,http://www.mtgtop8.com/search?player=Kale+Thompson,Kale Thompson,http://www.mtgtop8.com/event?e=7280&f=MO,"SOMS @ Toronto, Ontario",12,3/5/2014
http://www.mtgtop8.com/event?e=7257&d=241587&f=MO,Jund,http://www.mtgtop8.com/search?player=_Monstruito_+,_Monstruito_,http://www.mtgtop8.com/event?e=7257&f=MO,MTGO Modern Daily (#7051596),5,2/5/2014
http://www.mtgtop8.com/event?e=7308&d=241861&f=MO,Jund,http://www.mtgtop8.com/search?player=Riedel+Tim,Riedel Tim,http://www.mtgtop8.com/event?e=7308&f=MO,Modern Turniers,4,29/04/14
http://www.mtgtop8.com/event?e=7214&d=241358&f=MO,Jund,http://www.mtgtop8.com/search?player=ccomakoto+,ccomakoto,http://www.mtgtop8.com/event?e=7214&f=MO,MTGO Modern Premier (#7035662),3,27/04/14
http://www.mtgtop8.com/event?e=7214&d=241359&f=MO,Jund,http://www.mtgtop8.com/search?player=JusticeG+,JusticeG,http://www.mtgtop8.com/event?e=7214&f=MO,MTGO Modern Premier (#7035662),2,27/04/14
http://www.mtgtop8.com/event?e=7202&d=241288&f=MO,Jund,http://www.mtgtop8.com/search?player=IWinGames+,IWinGames,http://www.mtgtop8.com/event?e=7202&f=MO,MTGO Modern Daily (#7027977),4,24/04/14
http://www.mtgtop8.com/event?e=7187&d=241199&f=MO,Jund,http://www.mtgtop8.com/search?player=krav3n666+,krav3n666,http://www.mtgtop8.com/event?e=7187&f=MO,MTGO Modern Premier (#7008975),6,21/04/14
http://www.mtgtop8.com/event?e=7187&d=241200&f=MO,Jund,http://www.mtgtop8.com/search?player=marioivo+,marioivo,http://www.mtgtop8.com/event?e=7187&f=MO,MTGO Modern Premier (#7008975),7,21/04/14
http://www.mtgtop8.com/event?e=7179&d=241145&f=MO,Jund,http://www.mtgtop8.com/search?player=Zwischenzug+,Zwischenzug,http://www.mtgtop8.com/event?e=7179&f=MO,MTGO Modern Daily (#7008973),1,20/04/14
http://www.mtgtop8.com/event?e=7170&d=241085&f=MO,Jund,http://www.mtgtop8.com/search?player=kei00+,kei00,http://www.mtgtop8.com/event?e=7170&f=MO,MTGO Modern Daily (#7008932),1,19/04/14
http://www.mtgtop8.com/event?e=7171&d=241091&f=MO,Jund,http://www.mtgtop8.com/search?player=JusticeG+,JusticeG,http://www.mtgtop8.com/event?e=7171&f=MO,MTGO Modern Premier (#7008924),4,19/04/14
http://www.mtgtop8.com/event?e=7128&d=240900&f=MO,Jund,http://www.mtgtop8.com/search?player=marioivo+,marioivo,http://www.mtgtop8.com/event?e=7128&f=MO,MTGO Modern Daily (#6975186),4,10/4/2014
http://www.mtgtop8.com/event?e=7198&d=241270&f=MO,Jund,http://www.mtgtop8.com/search?player=Beck+Philipp,Beck Philipp,http://www.mtgtop8.com/event?e=7198&f=MO,Wochentlichen Modern Turniers,4,8/4/2014
http://www.mtgtop8.com/event?e=7044&d=240504&f=MO,Jund,http://www.mtgtop8.com/search?player=_DarkBeast_+,_DarkBeast_,http://www.mtgtop8.com/event?e=7044&f=MO,MTGO Modern Premier (#6950631),7,6/4/2014
http://www.mtgtop8.com/event?e=7046&d=240519&f=MO,Jund,http://www.mtgtop8.com/search?player=_DarkBeast_+,_DarkBeast_,http://www.mtgtop8.com/event?e=7046&f=MO,MTGO Modern Premier (#6950641),6,6/4/2014
http://www.mtgtop8.com/event?e=7070&d=240674&f=MO,Jund,http://www.mtgtop8.com/search?player=ccomakoto+,ccomakoto,http://www.mtgtop8.com/event?e=7070&f=MO,MTGO Modern Premier (#6950590),3,5/4/2014
http://www.mtgtop8.com/event?e=7070&d=240679&f=MO,Jund,http://www.mtgtop8.com/search?player=_DarkBeast_+,_DarkBeast_,http://www.mtgtop8.com/event?e=7070&f=MO,MTGO Modern Premier (#6950590),8,5/4/2014
http://www.mtgtop8.com/event?e=7071&d=240682&f=MO,Jund,http://www.mtgtop8.com/search?player=Edel+,Edel,http://www.mtgtop8.com/event?e=7071&f=MO,MTGO Modern Premier (#6950564),6,5/4/2014
http://www.mtgtop8.com/event?e=7030&d=240406&f=MO,Jund,http://www.mtgtop8.com/search?player=Isolating+,Isolating,http://www.mtgtop8.com/event?e=7030&f=MO,MTGO Modern Daily (#6950514),5,3/4/2014
http://www.mtgtop8.com/event?e=7008&d=240307&f=MO,Jund,http://www.mtgtop8.com/search?player=janVN+,janVN,http://www.mtgtop8.com/event?e=7008&f=MO,MTGO Modern Daily (#6923085),3,1/4/2014
http://www.mtgtop8.com/event?e=7006&d=240292&f=MO,Jund,http://www.mtgtop8.com/search?player=osmanozguney+,osmanozguney,http://www.mtgtop8.com/event?e=7006&f=MO,MTGO Modern Daily (#6923028),1,30/03/14
http://www.mtgtop8.com/event?e=6944&d=239870&f=MO,Jund,http://www.mtgtop8.com/search?player=kevinwins+,kevinwins,http://www.mtgtop8.com/event?e=6944&f=MO,MTGO Modern Premier (#6894805),6,23/03/14
http://www.mtgtop8.com/event?e=6944&d=239874&f=MO,Jund,http://www.mtgtop8.com/search?player=ccomakoto+,ccomakoto,http://www.mtgtop8.com/event?e=6944&f=MO,MTGO Modern Premier (#6894805),2,23/03/14
http://www.mtgtop8.com/event?e=6957&d=239946&f=MO,Jund,http://www.mtgtop8.com/search?player=Alessandro+Tosca,Alessandro Tosca,http://www.mtgtop8.com/event?e=6957&f=MO,DeckTutor Series Bologna,10,23/03/14
http://www.mtgtop8.com/event?e=6926&d=239761&f=MO,Jund,http://www.mtgtop8.com/search?player=Isolating+,Isolating,http://www.mtgtop8.com/event?e=6926&f=MO,MTGO Modern Premier (#6894769),4,22/03/14
http://www.mtgtop8.com/event?e=6904&d=239645&f=MO,Jund,http://www.mtgtop8.com/search?player=_DarkBeast_+,_DarkBeast_,http://www.mtgtop8.com/event?e=6904&f=MO,MTGO Modern Daily (#6884454),6,19/03/14
http://www.mtgtop8.com/event?e=6904&d=239648&f=MO,Jund,http://www.mtgtop8.com/search?player=Terradestroy+,Terradestroy,http://www.mtgtop8.com/event?e=6904&f=MO,MTGO Modern Daily (#6884454),4,19/03/14
http://www.mtgtop8.com/event?e=6904&d=239651&f=MO,Jund,http://www.mtgtop8.com/search?player=bone5+,bone5,http://www.mtgtop8.com/event?e=6904&f=MO,MTGO Modern Daily (#6884454),3,19/03/14
http://www.mtgtop8.com/event?e=6877&d=239503&f=MO,Jund,http://www.mtgtop8.com/search?player=MioCid+,MioCid,http://www.mtgtop8.com/event?e=6877&f=MO,MTGO Modern Daily (#6884424),6,17/03/14
http://www.mtgtop8.com/event?e=6910&d=239684&f=MO,Jund,http://www.mtgtop8.com/search?player=sakimmd+,sakimmd,http://www.mtgtop8.com/event?e=6910&f=MO,MTGO Modern Premier (#6865585),1,15/03/14
http://www.mtgtop8.com/event?e=6815&d=239188&f=MO,Jund,http://www.mtgtop8.com/search?player=ccomakoto+,ccomakoto,http://www.mtgtop8.com/event?e=6815&f=MO,MTGO Modern Premier (#6834255),1,8/3/2014
http://www.mtgtop8.com/event?e=6834&d=239288&f=MO,Jund,http://www.mtgtop8.com/search?player=clmoser87+,clmoser87,http://www.mtgtop8.com/event?e=6834&f=MO,MTGO Modern Daily (#6834197),6,6/3/2014
http://www.mtgtop8.com/event?e=6803&d=239104&f=MO,Jund,http://www.mtgtop8.com/search?player=DarkestMage+,DarkestMage,http://www.mtgtop8.com/event?e=6803&f=MO,MTGO Modern Daily (#6800345),2,4/3/2014
http://www.mtgtop8.com/event?e=6793&d=239039&f=MO,Jund,http://www.mtgtop8.com/search?player=Edel+,Edel,http://www.mtgtop8.com/event?e=6793&f=MO,MTGO Modern Premier (#6800317),3,3/3/2014
http://www.mtgtop8.com/event?e=6781&d=238971&f=MO,Jund,http://www.mtgtop8.com/search?player=rickster_+,rickster_,http://www.mtgtop8.com/event?e=6781&f=MO,MTGO Modern Premier (#6800308),5,2/3/2014
http://www.mtgtop8.com/event?e=6754&d=238801&f=MO,Jund,http://www.mtgtop8.com/search?player=dicekey+,dicekey,http://www.mtgtop8.com/event?e=6754&f=MO,MTGO Modern Daily (#6800238),7,28/02/14
http://www.mtgtop8.com/event?e=6704&d=238503&f=MO,Jund,http://www.mtgtop8.com/search?player=kei00+,kei00,http://www.mtgtop8.com/event?e=6704&f=MO,MTGO Modern Premier (#6767335),1,23/02/14
http://www.mtgtop8.com/event?e=6698&d=238537&f=MO,Jund,http://www.mtgtop8.com/search?player=Matej+Zatlkaj+(22+Pts),Matej Zatlkaj (22 Pts),http://www.mtgtop8.com/event?e=6698&f=MO,"Pro Tour Born of the God (Valencia, Spain)",Other,23/02/14
http://www.mtgtop8.com/event?e=6720&d=238585&f=MO,Jund,http://www.mtgtop8.com/search?player=ccomakoto+,ccomakoto,http://www.mtgtop8.com/event?e=6720&f=MO,MTGO Modern Premier (#6767358),1,23/02/14
http://www.mtgtop8.com/event?e=6762&d=238835&f=MO,Jund,http://www.mtgtop8.com/search?player=Matteo+Barberi,Matteo Barberi,http://www.mtgtop8.com/event?e=6762&f=MO,"Italian Magic Tour (Milan, Italy)",5,23/02/14
http://www.mtgtop8.com/event?e=6703&d=238501&f=MO,Jund,http://www.mtgtop8.com/search?player=ccomakoto+,ccomakoto,http://www.mtgtop8.com/event?e=6703&f=MO,MTGO Modern Daily (#6767333),2,22/02/14
http://www.mtgtop8.com/event?e=6664&d=238317&f=MO,Jund,http://www.mtgtop8.com/search?player=ceobry01+,ceobry01,http://www.mtgtop8.com/event?e=6664&f=MO,MTGO Modern Daily (#6737501),5,18/02/14
http://www.mtgtop8.com/event?e=6668&d=238336&f=MO,Jund,http://www.mtgtop8.com/search?player=osmanozguney+,osmanozguney,http://www.mtgtop8.com/event?e=6668&f=MO,MTGO Modern Premier (#6737421),5,15/02/14
http://www.mtgtop8.com/event?e=6629&d=238089&f=MO,Jund,http://www.mtgtop8.com/search?player=el_fake+,el_fake,http://www.mtgtop8.com/event?e=6629&f=MO,MTGO Modern Daily (#6710685),1,11/2/2014
http://www.mtgtop8.com/event?e=6602&d=237946&f=MO,Jund,http://www.mtgtop8.com/search?player=Dr_Macoler_+,Dr_Macoler_,http://www.mtgtop8.com/event?e=6602&f=MO,MTGO Modern Premier (#6710622),3,8/2/2014
http://www.mtgtop8.com/event?e=6600&d=237932&f=MO,Jund,http://www.mtgtop8.com/search?player=ceobry01+,ceobry01,http://www.mtgtop8.com/event?e=6600&f=MO,MTGO Modern Daily (#6710550),3,6/2/2014
http://www.mtgtop8.com/event?e=6569&d=237732&f=MO,Jund,http://www.mtgtop8.com/search?player=Dr_Macoler_+,Dr_Macoler_,http://www.mtgtop8.com/event?e=6569&f=MO,MTGO Modern Premier (#6683932),5,3/2/2014
http://www.mtgtop8.com/event?e=6570&d=237739&f=MO,Jund,http://www.mtgtop8.com/search?player=Monsoonblue+,Monsoonblue,http://www.mtgtop8.com/event?e=6570&f=MO,MTGO Modern Daily (#6683957),6,3/2/2014
http://www.mtgtop8.com/event?e=6566&d=237707&f=MO,Jund,http://www.mtgtop8.com/search?player=Boin+,Boin,http://www.mtgtop8.com/event?e=6566&f=MO,MTGO Modern Premier (#6683859),8,1/2/2014
http://www.mtgtop8.com/event?e=6566&d=237711&f=MO,Jund,http://www.mtgtop8.com/search?player=freeredbull24594+,freeredbull24594,http://www.mtgtop8.com/event?e=6566&f=MO,MTGO Modern Premier (#6683859),4,1/2/2014
http://www.mtgtop8.com/event?e=6566&d=237713&f=MO,Jund,http://www.mtgtop8.com/search?player=YellowGatorade+,YellowGatorade,http://www.mtgtop8.com/event?e=6566&f=MO,MTGO Modern Premier (#6683859),1,1/2/2014
http://www.mtgtop8.com/event?e=6561&d=237679&f=MO,Jund,http://www.mtgtop8.com/search?player=MajicRare+,MajicRare,http://www.mtgtop8.com/event?e=6561&f=MO,MTGO Modern Daily (#6683835),1,31/01/14
http://www.mtgtop8.com/event?e=6561&d=237681&f=MO,Jund,http://www.mtgtop8.com/search?player=Monsoonblue+,Monsoonblue,http://www.mtgtop8.com/event?e=6561&f=MO,MTGO Modern Daily (#6683835),3,31/01/14
http://www.mtgtop8.com/event?e=6557&d=237658&f=MO,Jund,http://www.mtgtop8.com/search?player=Jaberwocki+,Jaberwocki,http://www.mtgtop8.com/event?e=6557&f=MO,MTGO Modern Daily (#6654195),3,29/01/14
http://www.mtgtop8.com/event?e=6533&d=237532&f=MO,Jund,http://www.mtgtop8.com/search?player=Zwischenzug+,Zwischenzug,http://www.mtgtop8.com/event?e=6533&f=MO,MTGO Modern Daily (#6654135),1,26/01/14
http://www.mtgtop8.com/event?e=6533&d=237534&f=MO,Jund,http://www.mtgtop8.com/search?player=Dazai+,Dazai,http://www.mtgtop8.com/event?e=6533&f=MO,MTGO Modern Daily (#6654135),3,26/01/14
http://www.mtgtop8.com/event?e=6538&d=237562&f=MO,Jund,http://www.mtgtop8.com/search?player=edyamin+,edyamin,http://www.mtgtop8.com/event?e=6538&f=MO,MTGO Modern Premier (#6654128),6,26/01/14
http://www.mtgtop8.com/event?e=6523&d=237445&f=MO,Jund,http://www.mtgtop8.com/search?player=sakimmd+,sakimmd,http://www.mtgtop8.com/event?e=6523&f=MO,MTGO Modern Premier (#6654091),1,25/01/14
http://www.mtgtop8.com/event?e=6694&d=238443&f=MO,Jund,http://www.mtgtop8.com/search?player=Kevin+Rege,Kevin Rege,http://www.mtgtop8.com/event?e=6694&f=MO,1° The BRAWL Modern,8,25/01/14
http://www.mtgtop8.com/event?e=8990&d=251245&f=MO,Jund,http://www.mtgtop8.com/search?player=Karl+Delatorre,Karl Delatorre,http://www.mtgtop8.com/event?e=8990&f=MO,StarCityGames Premier IQ - Washington,10,25/01/14
http://www.mtgtop8.com/event?e=6525&d=237462&f=MO,Jund,http://www.mtgtop8.com/search?player=Zwischenzug+,Zwischenzug,http://www.mtgtop8.com/event?e=6525&f=MO,MTGO Modern Daily (#6654043),4,24/01/14
http://www.mtgtop8.com/event?e=6525&d=237464&f=MO,Jund,http://www.mtgtop8.com/search?player=powery+,powery,http://www.mtgtop8.com/event?e=6525&f=MO,MTGO Modern Daily (#6654043),6,24/01/14
http://www.mtgtop8.com/event?e=6508&d=237352&f=MO,Jund,http://www.mtgtop8.com/search?player=IHaveTopTop+,IHaveTopTop,http://www.mtgtop8.com/event?e=6508&f=MO,MTGO Modern Daily (#6654037),2,23/01/14
http://www.mtgtop8.com/event?e=6511&d=237374&f=MO,Jund,http://www.mtgtop8.com/search?player=abomai+,abomai,http://www.mtgtop8.com/event?e=6511&f=MO,MTGO Modern Daily (#6622294),4,22/01/14
http://www.mtgtop8.com/event?e=6509&d=237360&f=MO,Jund,http://www.mtgtop8.com/search?player=strikeagle+,strikeagle,http://www.mtgtop8.com/event?e=6509&f=MO,MTGO Modern Daily (#6622288),4,21/01/14
http://www.mtgtop8.com/event?e=6506&d=237338&f=MO,Jund,http://www.mtgtop8.com/search?player=YellowGatorade+,YellowGatorade,http://www.mtgtop8.com/event?e=6506&f=MO,MTGO Modern Premier (#6622239),3,20/01/14
http://www.mtgtop8.com/event?e=6507&d=237346&f=MO,Jund,http://www.mtgtop8.com/search?player=dicekey+,dicekey,http://www.mtgtop8.com/event?e=6507&f=MO,MTGO Modern Daily (#6622264),2,20/01/14
http://www.mtgtop8.com/event?e=6505&d=237332&f=MO,Jund,http://www.mtgtop8.com/search?player=strikeagle+,strikeagle,http://www.mtgtop8.com/event?e=6505&f=MO,MTGO Modern Premier (#6622227),5,19/01/14
http://www.mtgtop8.com/event?e=6505&d=237333&f=MO,Jund,http://www.mtgtop8.com/search?player=_Batutinha_+,_Batutinha_,http://www.mtgtop8.com/event?e=6505&f=MO,MTGO Modern Premier (#6622227),6,19/01/14
http://www.mtgtop8.com/event?e=6505&d=237335&f=MO,Jund,http://www.mtgtop8.com/search?player=edyamin+,edyamin,http://www.mtgtop8.com/event?e=6505&f=MO,MTGO Modern Premier (#6622227),8,19/01/14
http://www.mtgtop8.com/event?e=6510&d=237365&f=MO,Jund,http://www.mtgtop8.com/search?player=syrup16g+,syrup16g,http://www.mtgtop8.com/event?e=6510&f=MO,MTGO Modern Daily (#6622234),1,19/01/14
http://www.mtgtop8.com/event?e=6510&d=237366&f=MO,Jund,http://www.mtgtop8.com/search?player=tallanddirty+,tallanddirty,http://www.mtgtop8.com/event?e=6510&f=MO,MTGO Modern Daily (#6622234),2,19/01/14
http://www.mtgtop8.com/event?e=6512&d=237379&f=MO,Jund,http://www.mtgtop8.com/search?player=YellowGatorade+,YellowGatorade,http://www.mtgtop8.com/event?e=6512&f=MO,MTGO Modern Premier (#6622202),3,19/01/14
http://www.mtgtop8.com/event?e=6512&d=237381&f=MO,Jund,http://www.mtgtop8.com/search?player=Ericmio+,Ericmio,http://www.mtgtop8.com/event?e=6512&f=MO,MTGO Modern Premier (#6622202),7,19/01/14
http://www.mtgtop8.com/event?e=6475&d=237157&f=MO,Jund,http://www.mtgtop8.com/search?player=Derayler+,Derayler,http://www.mtgtop8.com/event?e=6475&f=MO,MTGO Modern Daily (#6622197),2,18/01/14
http://www.mtgtop8.com/event?e=6475&d=237158&f=MO,Jund,http://www.mtgtop8.com/search?player=jsiri84+,jsiri84,http://www.mtgtop8.com/event?e=6475&f=MO,MTGO Modern Daily (#6622197),1,18/01/14
http://www.mtgtop8.com/event?e=6484&d=237213&f=MO,Jund,http://www.mtgtop8.com/search?player=tzio+,tzio,http://www.mtgtop8.com/event?e=6484&f=MO,MTGO Modern Premier (#6622166),2,18/01/14
http://www.mtgtop8.com/event?e=6920&d=239722&f=MO,Jund,http://www.mtgtop8.com/search?player=Benjamin+Pérez,Benjamin Pérez,http://www.mtgtop8.com/event?e=6920&f=MO,GPT Allariz,4,18/01/14
http://www.mtgtop8.com/event?e=6473&d=237140&f=MO,Jund,http://www.mtgtop8.com/search?player=CRET_UgRiv+,CRET_UgRiv,http://www.mtgtop8.com/event?e=6473&f=MO,MTGO Modern Daily (#6622142),4,17/01/14
http://www.mtgtop8.com/event?e=6471&d=237126&f=MO,Jund,http://www.mtgtop8.com/search?player=Zwischenzug+,Zwischenzug,http://www.mtgtop8.com/event?e=6471&f=MO,MTGO Modern Daily (#6622118),1,16/01/14
http://www.mtgtop8.com/event?e=6471&d=237128&f=MO,Jund,http://www.mtgtop8.com/search?player=dancingjesus102+,dancingjesus102,http://www.mtgtop8.com/event?e=6471&f=MO,MTGO Modern Daily (#6622118),3,16/01/14
http://www.mtgtop8.com/event?e=6462&d=237071&f=MO,Jund,http://www.mtgtop8.com/search?player=CuttingEdge99+,CuttingEdge99,http://www.mtgtop8.com/event?e=6462&f=MO,MTGO Modern Daily (#6591882),6,14/01/14
http://www.mtgtop8.com/event?e=6462&d=237074&f=MO,Jund,http://www.mtgtop8.com/search?player=sam51087+,sam51087,http://www.mtgtop8.com/event?e=6462&f=MO,MTGO Modern Daily (#6591882),3,14/01/14
http://www.mtgtop8.com/event?e=6465&d=237086&f=MO,Jund,http://www.mtgtop8.com/search?player=StickyWicket+,StickyWicket,http://www.mtgtop8.com/event?e=6465&f=MO,MTGO Modern Premier (#6592306),3,13/01/14
http://www.mtgtop8.com/event?e=6433&d=236974&f=MO,Jund,http://www.mtgtop8.com/search?player=tzio+,tzio,http://www.mtgtop8.com/event?e=6433&f=MO,MTGO Modern Premier (#6592298),8,12/1/2014
http://www.mtgtop8.com/event?e=6436&d=236989&f=MO,Jund,http://www.mtgtop8.com/search?player=Robin+Dolar,Robin Dolar,http://www.mtgtop8.com/event?e=6436&f=MO,Grand Prix Prague,10,12/1/2014
http://www.mtgtop8.com/event?e=9081&d=251748&f=MO,Affinity,http://www.mtgtop8.com/search?player=_Shatun_,_Shatun_,http://www.mtgtop8.com/event?e=9081&f=MO,MTGO Modern Daily (#7974069),4,12/2/2015
http://www.mtgtop8.com/event?e=9071&d=251693&f=MO,Affinity,http://www.mtgtop8.com/search?player=BakedCake,BakedCake,http://www.mtgtop8.com/event?e=9071&f=MO,MTGO Modern Daily (#7949839),6,9/2/2015
http://www.mtgtop8.com/event?e=9064&d=251640&f=MO,Affinity,http://www.mtgtop8.com/search?player=Roberto+Esposito+(27+Pts),Roberto Esposito (27 Pts),http://www.mtgtop8.com/event?e=9064&f=MO,Pro Tour Fate Reforged @ Washington DC,Other,8/2/2015
http://www.mtgtop8.com/event?e=9078&d=251737&f=MO,Affinity,http://www.mtgtop8.com/search?player=Christian+Elliger,Christian Elliger,http://www.mtgtop8.com/event?e=9078&f=MO,"PPTQ Vancouver @ CK, Magdeburg",12,7/2/2015
http://www.mtgtop8.com/event?e=9063&d=251625&f=MO,Affinity,http://www.mtgtop8.com/search?player=Joey94,Joey94,http://www.mtgtop8.com/event?e=9063&f=MO,MTGO Modern Daily (#7949715),7,5/2/2015
http://www.mtgtop8.com/event?e=9052&d=251560&f=MO,Affinity,http://www.mtgtop8.com/search?player=Charonimus,Charonimus,http://www.mtgtop8.com/event?e=9052&f=MO,MTGO Modern Daily (#7949700),1,4/2/2015
http://www.mtgtop8.com/event?e=9049&d=251543&f=MO,Affinity,http://www.mtgtop8.com/search?player=pig222,pig222,http://www.mtgtop8.com/event?e=9049&f=MO,MTGO Modern Daily (#7930081),1,3/2/2015
http://www.mtgtop8.com/event?e=9033&d=251460&f=MO,Affinity,http://www.mtgtop8.com/search?player=David+Long,David Long,http://www.mtgtop8.com/event?e=9033&f=MO,SCG Premier IQ - Indianapolis,5,1/2/2015
http://www.mtgtop8.com/event?e=9033&d=251462&f=MO,Affinity,http://www.mtgtop8.com/search?player=Ian+Losch,Ian Losch,http://www.mtgtop8.com/event?e=9033&f=MO,SCG Premier IQ - Indianapolis,7,1/2/2015
http://www.mtgtop8.com/event?e=9024&d=251386&f=MO,Affinity,http://www.mtgtop8.com/search?player=Frej+–rnberg,Frej –rnberg,http://www.mtgtop8.com/event?e=9024&f=MO,PPTQ Vancouver @ Faraos Cigarer,10,31/01/15
http://www.mtgtop8.com/event?e=8994&d=251268&f=MO,Affinity,http://www.mtgtop8.com/search?player=m3l0q,m3l0q,http://www.mtgtop8.com/event?e=8994&f=MO,MTGO Modern Daily (#7911964),1,26/01/15
http://www.mtgtop8.com/event?e=8995&d=251274&f=MO,Affinity,http://www.mtgtop8.com/search?player=1866,1866,http://www.mtgtop8.com/event?e=8995&f=MO,MTGO Modern Daily (#7911928),2,25/01/15
http://www.mtgtop8.com/event?e=8998&d=251283&f=MO,Affinity,http://www.mtgtop8.com/search?player=1866,1866,http://www.mtgtop8.com/event?e=8998&f=MO,MTGO Modern Daily (#7911928),2,25/01/15
http://www.mtgtop8.com/event?e=8980&d=251167&f=MO,Affinity,http://www.mtgtop8.com/search?player=BakedCake,BakedCake,http://www.mtgtop8.com/event?e=8980&f=MO,MTGO Modern Daily (#7911888),1,24/01/15
http://www.mtgtop8.com/event?e=8940&d=251008&f=MO,Affinity,http://www.mtgtop8.com/search?player=pig222,pig222,http://www.mtgtop8.com/event?e=8940&f=MO,MTGO Modern Daily (#7867477),6,14/01/15
http://www.mtgtop8.com/event?e=8906&d=250786&f=MO,Affinity,http://www.mtgtop8.com/search?player=panoma,panoma,http://www.mtgtop8.com/event?e=8906&f=MO,MTGO Modern Daily (#7867470),2,13/01/15
http://www.mtgtop8.com/event?e=8906&d=250787&f=MO,Affinity,http://www.mtgtop8.com/search?player=Simo94,Simo94,http://www.mtgtop8.com/event?e=8906&f=MO,MTGO Modern Daily (#7867470),3,13/01/15
http://www.mtgtop8.com/event?e=8918&d=250884&f=MO,Affinity,http://www.mtgtop8.com/search?player=Joe+Fasano,Joe Fasano,http://www.mtgtop8.com/event?e=8918&f=MO,SCG Premier IQ Philadelphia,10,11/1/2015
http://www.mtgtop8.com/event?e=8919&d=250889&f=MO,Affinity,http://www.mtgtop8.com/search?player=Riccardo+Angiuli,Riccardo Angiuli,http://www.mtgtop8.com/event?e=8919&f=MO,PPTQ @ Dark Side,4,11/1/2015
http://www.mtgtop8.com/event?e=8919&d=250892&f=MO,Affinity,http://www.mtgtop8.com/search?player=Angelo+Mancini,Angelo Mancini,http://www.mtgtop8.com/event?e=8919&f=MO,PPTQ @ Dark Side,1,11/1/2015
http://www.mtgtop8.com/event?e=8901&d=250770&f=MO,Affinity,http://www.mtgtop8.com/search?player=Dr_Macoler_,Dr_Macoler_,http://www.mtgtop8.com/event?e=8901&f=MO,MTGO Modern Daily (#7867366),3,10/1/2015
http://www.mtgtop8.com/event?e=8900&d=250765&f=MO,Affinity,http://www.mtgtop8.com/search?player=Travis+Bader,Travis Bader,http://www.mtgtop8.com/event?e=8900&f=MO,Grand Prix Omaha 2015 - Trial Winners,1,9/1/2015
http://www.mtgtop8.com/event?e=8867&d=250553&f=MO,Affinity,http://www.mtgtop8.com/search?player=TristanPetersonMN,TristanPetersonMN,http://www.mtgtop8.com/event?e=8867&f=MO,MTGO Modern Daily (#7851247),2,4/1/2015
http://www.mtgtop8.com/event?e=8873&d=250597&f=MO,Affinity,http://www.mtgtop8.com/search?player=Corey+Filburn,Corey Filburn,http://www.mtgtop8.com/event?e=8873&f=MO,SCG Premier IQ - Columbus,9,4/1/2015
http://www.mtgtop8.com/event?e=8873&d=250606&f=MO,Affinity,http://www.mtgtop8.com/search?player=Jamie+Jarvis,Jamie Jarvis,http://www.mtgtop8.com/event?e=8873&f=MO,SCG Premier IQ - Columbus,10,4/1/2015
http://www.mtgtop8.com/event?e=8848&d=250452&f=MO,Affinity,http://www.mtgtop8.com/search?player=Rybex,Rybex,http://www.mtgtop8.com/event?e=8848&f=MO,MTGO Modern Daily (#7851137),5,1/1/2015
http://www.mtgtop8.com/event?e=8874&d=250612&f=MO,Affinity,http://www.mtgtop8.com/search?player=Cortesi+Luca,Cortesi Luca,http://www.mtgtop8.com/event?e=8874&f=MO,"PPTQ Magic Store (Forli, Italy)",12,28/12/14
http://www.mtgtop8.com/event?e=8874&d=250617&f=MO,Affinity,http://www.mtgtop8.com/search?player=Maurizio+Maurizio,Maurizio Maurizio,http://www.mtgtop8.com/event?e=8874&f=MO,"PPTQ Magic Store (Forli, Italy)",12,28/12/14
http://www.mtgtop8.com/event?e=8811&d=250269&f=MO,Affinity,http://www.mtgtop8.com/search?player=Metric_Blindness,Metric_Blindness,http://www.mtgtop8.com/event?e=8811&f=MO,MTGO Modern Daily (#7815857),1,26/12/14
http://www.mtgtop8.com/event?e=8875&d=250622&f=MO,Affinity,http://www.mtgtop8.com/search?player=Domenico+Di+Siero,Domenico Di Siero,http://www.mtgtop8.com/event?e=8875&f=MO,"PPTQ Collezionami Shop (Forli, Italy)",10,21/12/14
http://www.mtgtop8.com/event?e=8757&d=250045&f=MO,Affinity,http://www.mtgtop8.com/search?player=Rybex,Rybex,http://www.mtgtop8.com/event?e=8757&f=MO,MTGO Modern Daily (#7797232),2,18/12/14
http://www.mtgtop8.com/event?e=8718&d=249821&f=MO,Affinity,http://www.mtgtop8.com/search?player=Dario+Parazzoli,Dario Parazzoli,http://www.mtgtop8.com/event?e=8718&f=MO,Grand Prix Milan 2014,8,14/12/14
http://www.mtgtop8.com/event?e=8786&d=250159&f=MO,Affinity,http://www.mtgtop8.com/search?player=Stan+Splinter,Stan Splinter,http://www.mtgtop8.com/event?e=8786&f=MO,"PPTQ @ Groningen, Netherlands",12,13/12/14
http://www.mtgtop8.com/event?e=8719&d=249822&f=MO,Affinity,http://www.mtgtop8.com/search?player=Francesco+Rasostoia,Francesco Rasostoia,http://www.mtgtop8.com/event?e=8719&f=MO,Grand Prix Milan 2014 - Trial Winners,1,12/12/2014
http://www.mtgtop8.com/event?e=8719&d=249833&f=MO,Affinity,http://www.mtgtop8.com/search?player=Frederik+Hemmingsen,Frederik Hemmingsen,http://www.mtgtop8.com/event?e=8719&f=MO,Grand Prix Milan 2014 - Trial Winners,1,12/12/2014
http://www.mtgtop8.com/event?e=8719&d=249837&f=MO,Affinity,http://www.mtgtop8.com/search?player=Francesco+Gentile,Francesco Gentile,http://www.mtgtop8.com/event?e=8719&f=MO,Grand Prix Milan 2014 - Trial Winners,1,12/12/2014
http://www.mtgtop8.com/event?e=8743&d=249943&f=MO,Affinity,http://www.mtgtop8.com/search?player=Rossi+Brian,Rossi Brian,http://www.mtgtop8.com/event?e=8743&f=MO,Nebraska´s War 2.0 - Side Event,12,7/12/2014
http://www.mtgtop8.com/event?e=8752&d=250020&f=MO,Affinity,http://www.mtgtop8.com/search?player=Casarin+Valerio,Casarin Valerio,http://www.mtgtop8.com/event?e=8752&f=MO,PPTQ - Day of Judgment 3rd Ed. @ Caos AD,1,7/12/2014
http://www.mtgtop8.com/event?e=8752&d=250026&f=MO,Affinity,http://www.mtgtop8.com/search?player=Milan+Stefano,Milan Stefano,http://www.mtgtop8.com/event?e=8752&f=MO,PPTQ - Day of Judgment 3rd Ed. @ Caos AD,7,7/12/2014
http://www.mtgtop8.com/event?e=8683&d=249615&f=MO,Affinity,http://www.mtgtop8.com/search?player=Rybex,Rybex,http://www.mtgtop8.com/event?e=8683&f=MO,MTGO Modern Daily (#7753356),2,6/12/2014
http://www.mtgtop8.com/event?e=8674&d=249590&f=MO,Affinity,http://www.mtgtop8.com/search?player=NSW,NSW,http://www.mtgtop8.com/event?e=8674&f=MO,MTGO Modern Daily (#7729886),4,3/12/2014
http://www.mtgtop8.com/event?e=8672&d=249582&f=MO,Affinity,http://www.mtgtop8.com/search?player=mrgando,mrgando,http://www.mtgtop8.com/event?e=8672&f=MO,MTGO Modern Daily (#7729879),5,2/12/2014
http://www.mtgtop8.com/event?e=8650&d=249441&f=MO,Affinity,http://www.mtgtop8.com/search?player=The,The,http://www.mtgtop8.com/event?e=8650&f=MO,MTGO Modern Daily (#7729735),5,28/11/14
http://www.mtgtop8.com/event?e=8618&d=249308&f=MO,Affinity,http://www.mtgtop8.com/search?player=Bradfordlee,Bradfordlee,http://www.mtgtop8.com/event?e=8618&f=MO,MTGO Modern Daily (#7704652),1,25/11/14
http://www.mtgtop8.com/event?e=8599&d=249251&f=MO,Affinity,http://www.mtgtop8.com/search?player=Bradfordlee,Bradfordlee,http://www.mtgtop8.com/event?e=8599&f=MO,MTGO Modern Daily (#7704624),5,24/11/14
http://www.mtgtop8.com/event?e=8608&d=249277&f=MO,Affinity,http://www.mtgtop8.com/search?player=Erik+Aliff,Erik Aliff,http://www.mtgtop8.com/event?e=8608&f=MO,SCG Premier IQ Richmond,10,23/11/14
http://www.mtgtop8.com/event?e=8600&d=249256&f=MO,Affinity,http://www.mtgtop8.com/search?player=Joshsantos92,Joshsantos92,http://www.mtgtop8.com/event?e=8600&f=MO,MTGO Modern Daily (#7704457),1,20/11/14
http://www.mtgtop8.com/event?e=8558&d=249138&f=MO,Affinity,http://www.mtgtop8.com/search?player=Joshsantos92,Joshsantos92,http://www.mtgtop8.com/event?e=8558&f=MO,MTGO Modern Daily (#7679581),4,18/11/14
http://www.mtgtop8.com/event?e=8517&d=248932&f=MO,Affinity,http://www.mtgtop8.com/search?player=Rybex,Rybex,http://www.mtgtop8.com/event?e=8517&f=MO,MTGO Modern Daily (#7679517),1,16/11/14
http://www.mtgtop8.com/event?e=8507&d=248883&f=MO,Affinity,http://www.mtgtop8.com/search?player=Richard+Galambos,Richard Galambos,http://www.mtgtop8.com/event?e=8507&f=MO,GP Madrid 2014 - Trial Winners,1,14/11/14
http://www.mtgtop8.com/event?e=8473&d=248643&f=MO,Affinity,http://www.mtgtop8.com/search?player=littledarwin,littledarwin,http://www.mtgtop8.com/event?e=8473&f=MO,MTGO Modern Daily (#7651017),2,11/11/2014
http://www.mtgtop8.com/event?e=8469&d=248614&f=MO,Affinity,http://www.mtgtop8.com/search?player=Jon-Erik+Karlsson,Jon-Erik Karlsson,http://www.mtgtop8.com/event?e=8469&f=MO,Scandinavian Open #3 (Uppsala),10,9/11/2014
http://www.mtgtop8.com/event?e=8469&d=248620&f=MO,Affinity,http://www.mtgtop8.com/search?player=Mattias+Anderson,Mattias Anderson,http://www.mtgtop8.com/event?e=8469&f=MO,Scandinavian Open #3 (Uppsala),1,9/11/2014
http://www.mtgtop8.com/event?e=8461&d=248569&f=MO,Affinity,http://www.mtgtop8.com/search?player=pig222,pig222,http://www.mtgtop8.com/event?e=8461&f=MO,MTGO Modern Daily (#7650873),1,7/11/2014
http://www.mtgtop8.com/event?e=8474&d=248646&f=MO,Affinity,http://www.mtgtop8.com/search?player=FlankYou007,FlankYou007,http://www.mtgtop8.com/event?e=8474&f=MO,MTGO Modern Daily (#7620600),6,4/11/2014
http://www.mtgtop8.com/event?e=8474&d=248648&f=MO,Affinity,http://www.mtgtop8.com/search?player=RemiFortier,RemiFortier,http://www.mtgtop8.com/event?e=8474&f=MO,MTGO Modern Daily (#7620600),4,4/11/2014
http://www.mtgtop8.com/event?e=8416&d=248336&f=MO,Affinity,http://www.mtgtop8.com/search?player=Alan+Marling,Alan Marling,http://www.mtgtop8.com/event?e=8416&f=MO,Modern Premier IQ Oakland,1,2/11/2014
http://www.mtgtop8.com/event?e=8416&d=248341&f=MO,Affinity,http://www.mtgtop8.com/search?player=Albert+Sanson,Albert Sanson,http://www.mtgtop8.com/event?e=8416&f=MO,Modern Premier IQ Oakland,10,2/11/2014
http://www.mtgtop8.com/event?e=8424&d=248394&f=MO,Affinity,http://www.mtgtop8.com/search?player=zydec0_,zydec0_,http://www.mtgtop8.com/event?e=8424&f=MO,MTGO Modern Daily (#7620531),4,2/11/2014
http://www.mtgtop8.com/event?e=8406&d=248293&f=MO,Affinity,http://www.mtgtop8.com/search?player=Bradfordlee,Bradfordlee,http://www.mtgtop8.com/event?e=8406&f=MO,MTGO Modern Daily (#7589656),4,29/10/14
http://www.mtgtop8.com/event?e=8388&d=248221&f=MO,Affinity,http://www.mtgtop8.com/search?player=pig222,pig222,http://www.mtgtop8.com/event?e=8388&f=MO,MTGO Modern Daily (#7589579),3,26/10/14
http://www.mtgtop8.com/event?e=8446&d=248498&f=MO,Affinity,http://www.mtgtop8.com/search?player=Angelo+Palumbo+,Angelo Palumbo,http://www.mtgtop8.com/event?e=8446&f=MO,MLL #2 - Milano,12,26/10/14
http://www.mtgtop8.com/event?e=8370&d=248097&f=MO,Affinity,http://www.mtgtop8.com/search?player=Rybex,Rybex,http://www.mtgtop8.com/event?e=8370&f=MO,MTGO Modern Daily (#7589462),4,23/10/14
http://www.mtgtop8.com/event?e=8368&d=248086&f=MO,Affinity,http://www.mtgtop8.com/search?player=Karna33,Karna33,http://www.mtgtop8.com/event?e=8368&f=MO,MTGO Modern Daily (#7570666),2,22/10/14
http://www.mtgtop8.com/event?e=8387&d=248219&f=MO,Affinity,http://www.mtgtop8.com/search?player=Alberto+Vera,Alberto Vera,http://www.mtgtop8.com/event?e=8387&f=MO,GPT Madrid - Evolution Madrid Norte,12,18/10/14
http://www.mtgtop8.com/event?e=8287&d=247652&f=MO,Affinity,http://www.mtgtop8.com/search?player=goxvegan,goxvegan,http://www.mtgtop8.com/event?e=8287&f=MO,MTGO Modern Daily (#7532959),3,9/10/2014
http://www.mtgtop8.com/event?e=8266&d=247521&f=MO,Affinity,http://www.mtgtop8.com/search?player=Bboycott,Bboycott,http://www.mtgtop8.com/event?e=8266&f=MO,MTGO Modern Daily (#7515469),1,6/10/2014
http://www.mtgtop8.com/event?e=8259&d=247490&f=MO,Affinity,http://www.mtgtop8.com/search?player=Ptolmey__,Ptolmey__,http://www.mtgtop8.com/event?e=8259&f=MO,MTGO Modern Daily (#7515559),3,5/10/2014
http://www.mtgtop8.com/event?e=8259&d=247492&f=MO,Affinity,http://www.mtgtop8.com/search?player=Ggb,Ggb,http://www.mtgtop8.com/event?e=8259&f=MO,MTGO Modern Daily (#7515559),1,5/10/2014
http://www.mtgtop8.com/event?e=8420&d=248378&f=MO,Affinity,http://www.mtgtop8.com/search?player=Paolo+Crispino,Paolo Crispino,http://www.mtgtop8.com/event?e=8420&f=MO,Big Side Event Ovinogeddon 9,4,4/10/2014
http://www.mtgtop8.com/event?e=8317&d=247825&f=MO,Affinity,http://www.mtgtop8.com/search?player=Paolo+Crispino,Paolo Crispino,http://www.mtgtop8.com/event?e=8317&f=MO,"Main Modern Ovinogeddon 9 (Milan, Italy)",1,3/10/2014
http://www.mtgtop8.com/event?e=8240&d=247402&f=MO,Affinity,http://www.mtgtop8.com/search?player=OlleR,OlleR,http://www.mtgtop8.com/event?e=8240&f=MO,MTGO Modern Daily (#7500435),3,30/09/14
http://www.mtgtop8.com/event?e=8226&d=247345&f=MO,Affinity,http://www.mtgtop8.com/search?player=Daniel+Perez,Daniel Perez,http://www.mtgtop8.com/event?e=8226&f=MO,IV Arcanis Deluxe - Modern Main Event,12,28/09/14
http://www.mtgtop8.com/event?e=8234&d=247390&f=MO,Affinity,http://www.mtgtop8.com/search?player=FakiVll,FakiVll,http://www.mtgtop8.com/event?e=8234&f=MO,MTGO Modern Daily (#7500366),5,28/09/14
http://www.mtgtop8.com/event?e=8246&d=247436&f=MO,Affinity,http://www.mtgtop8.com/search?player=Trevor+Dunham,Trevor Dunham,http://www.mtgtop8.com/event?e=8246&f=MO,SCG Premier IQ Indianapolis,12,28/09/14
http://www.mtgtop8.com/event?e=8247&d=247442&f=MO,Affinity,http://www.mtgtop8.com/search?player=Kenny+Breslow,Kenny Breslow,http://www.mtgtop8.com/event?e=8247&f=MO,SCG Premier IQ Edison,10,28/09/14
http://www.mtgtop8.com/event?e=8247&d=247443&f=MO,Affinity,http://www.mtgtop8.com/search?player=Paul+Mendez,Paul Mendez,http://www.mtgtop8.com/event?e=8247&f=MO,SCG Premier IQ Edison,10,28/09/14
http://www.mtgtop8.com/event?e=8175&d=247069&f=MO,Affinity,http://www.mtgtop8.com/search?player=Rybex,Rybex,http://www.mtgtop8.com/event?e=8175&f=MO,MTGO Modern Daily (#7466657),4,14/09/14
http://www.mtgtop8.com/event?e=8203&d=247233&f=MO,Affinity,http://www.mtgtop8.com/search?player=Locatelli+Simone,Locatelli Simone,http://www.mtgtop8.com/event?e=8203&f=MO,Day of Judgment 2014 @ Caos AD,10,14/09/14
http://www.mtgtop8.com/event?e=8155&d=246959&f=MO,Affinity,http://www.mtgtop8.com/search?player=goxvegan,goxvegan,http://www.mtgtop8.com/event?e=8155&f=MO,MTGO Modern Daily (#7466571),4,12/9/2014
http://www.mtgtop8.com/event?e=8124&d=246828&f=MO,Affinity,http://www.mtgtop8.com/search?player=goxvegan,goxvegan,http://www.mtgtop8.com/event?e=8124&f=MO,MTGO Modern Daily (#7446411),5,7/9/2014
http://www.mtgtop8.com/event?e=8164&d=246997&f=MO,Affinity,http://www.mtgtop8.com/search?player=Robert+Jacobs,Robert Jacobs,http://www.mtgtop8.com/event?e=8164&f=MO,SCG Super IQ St. Louis,12,7/9/2014
http://www.mtgtop8.com/event?e=8164&d=246998&f=MO,Affinity,http://www.mtgtop8.com/search?player=Logan+Petersen,Logan Petersen,http://www.mtgtop8.com/event?e=8164&f=MO,SCG Super IQ St. Louis,12,7/9/2014
http://www.mtgtop8.com/event?e=8205&d=247248&f=MO,Affinity,http://www.mtgtop8.com/search?player=Simone+Locatelli+,Simone Locatelli,http://www.mtgtop8.com/event?e=8205&f=MO,MLL #1 Ovino Trial - Milano,12,7/9/2014
http://www.mtgtop8.com/event?e=8126&d=246835&f=MO,Affinity,http://www.mtgtop8.com/search?player=_SickDraw,_SickDraw,http://www.mtgtop8.com/event?e=8126&f=MO,MTGO Modern Daily (#7446368),4,6/9/2014
http://www.mtgtop8.com/event?e=8126&d=246836&f=MO,Affinity,http://www.mtgtop8.com/search?player=not_a_recluse,not_a_recluse,http://www.mtgtop8.com/event?e=8126&f=MO,MTGO Modern Daily (#7446368),2,6/9/2014
http://www.mtgtop8.com/event?e=8110&d=246725&f=MO,Affinity,http://www.mtgtop8.com/search?player=Cristian+Jimenez,Cristian Jimenez,http://www.mtgtop8.com/event?e=8110&f=MO,"PTQ Khans of Tarkir (Lubbock, Texas)",12,29/08/14
http://www.mtgtop8.com/event?e=8110&d=246729&f=MO,Affinity,http://www.mtgtop8.com/search?player=Timothy+Hobson,Timothy Hobson,http://www.mtgtop8.com/event?e=8110&f=MO,"PTQ Khans of Tarkir (Lubbock, Texas)",10,29/08/14
http://www.mtgtop8.com/event?e=8078&d=246544&f=MO,Affinity,http://www.mtgtop8.com/search?player=Ellison,Ellison,http://www.mtgtop8.com/event?e=8078&f=MO,MTGO Modern Daily (#7401916),4,27/08/14
http://www.mtgtop8.com/event?e=8053&d=246380&f=MO,Affinity,http://www.mtgtop8.com/search?player=Hsun+Hao+Hung,Hsun Hao Hung,http://www.mtgtop8.com/event?e=8053&f=MO,Grand Prix Kobe 2014,8.5,24/08/14
http://www.mtgtop8.com/event?e=8053&d=246391&f=MO,Affinity,http://www.mtgtop8.com/search?player=Tooru+Takeshita,Tooru Takeshita,http://www.mtgtop8.com/event?e=8053&f=MO,Grand Prix Kobe 2014,8.5,24/08/14
http://www.mtgtop8.com/event?e=8053&d=246407&f=MO,Tarmo Affinity,http://www.mtgtop8.com/search?player=Yuusei+Gotou,Yuusei Gotou,http://www.mtgtop8.com/event?e=8053&f=MO,Grand Prix Kobe 2014,2,24/08/14
http://www.mtgtop8.com/event?e=8087&d=246599&f=MO,Affinity,http://www.mtgtop8.com/search?player=Matthew+Ling,Matthew Ling,http://www.mtgtop8.com/event?e=8087&f=MO,"SCG Premier IQ - Washington, DC",10,24/08/14
http://www.mtgtop8.com/event?e=8113&d=246754&f=MO,Affinité,http://www.mtgtop8.com/search?player=Frederic+Urvoy,Frederic Urvoy,http://www.mtgtop8.com/event?e=8113&f=MO,"PTQ Khans of Tarkir (Lille, France)",10,24/08/14
http://www.mtgtop8.com/event?e=8075&d=246531&f=MO,Affinity,http://www.mtgtop8.com/search?player=Markus+Krämer,Markus Krämer,http://www.mtgtop8.com/event?e=8075&f=MO,"Modern @ Persiflage(Ravensburg, Germany)",2,23/08/14
http://www.mtgtop8.com/event?e=8108&d=246713&f=MO,Affinity,http://www.mtgtop8.com/search?player=Ryan+Dunn,Ryan Dunn,http://www.mtgtop8.com/event?e=8108&f=MO,"PTQ Khans of Tarkir (Johnson City, New-York)",10,23/08/14
http://www.mtgtop8.com/event?e=8054&d=246412&f=MO,Affinity,http://www.mtgtop8.com/search?player=Tanaka+Atsushi,Tanaka Atsushi,http://www.mtgtop8.com/event?e=8054&f=MO,GP Kobe 2014 - Trial Winners,1,22/08/14
http://www.mtgtop8.com/event?e=8040&d=246301&f=MO,Affinity,http://www.mtgtop8.com/search?player=pig222,pig222,http://www.mtgtop8.com/event?e=8040&f=MO,MTGO Modern Daily (#7401720),3,21/08/14
http://www.mtgtop8.com/event?e=8040&d=246304&f=MO,Affinity,http://www.mtgtop8.com/search?player=Ellison,Ellison,http://www.mtgtop8.com/event?e=8040&f=MO,MTGO Modern Daily (#7401720),5,21/08/14
http://www.mtgtop8.com/event?e=8107&d=246706&f=MO,Affinity,http://www.mtgtop8.com/search?player=Nathan+McWilliams,Nathan McWilliams,http://www.mtgtop8.com/event?e=8107&f=MO,"PTQ Khans of Tarkir (Oakland, California)",10,21/08/14
http://www.mtgtop8.com/event?e=8033&d=246276&f=MO,Affinity,http://www.mtgtop8.com/search?player=theaxman,theaxman,http://www.mtgtop8.com/event?e=8033&f=MO,MTGO Modern Daily (#7379279),1,20/08/14
http://www.mtgtop8.com/event?e=8111&d=246732&f=MO,Affinity,http://www.mtgtop8.com/search?player=Daniel+Cardozo,Daniel Cardozo,http://www.mtgtop8.com/event?e=8111&f=MO,"PTQ Khans of Tarkir (Medellín, Colombia)",2,17/08/14
http://www.mtgtop8.com/event?e=8111&d=246736&f=MO,Affinity,http://www.mtgtop8.com/search?player=Jairo+Giraldo,Jairo Giraldo,http://www.mtgtop8.com/event?e=8111&f=MO,"PTQ Khans of Tarkir (Medellín, Colombia)",10,17/08/14
http://www.mtgtop8.com/event?e=8111&d=246737&f=MO,Affinity,http://www.mtgtop8.com/search?player=Juan+Pablo+Agudelo,Juan Pablo Agudelo,http://www.mtgtop8.com/event?e=8111&f=MO,"PTQ Khans of Tarkir (Medellín, Colombia)",10,17/08/14
http://www.mtgtop8.com/event?e=8016&d=246173&f=MO,Affinity,http://www.mtgtop8.com/search?player=Jacob+Svensson,Jacob Svensson,http://www.mtgtop8.com/event?e=8016&f=MO,"PTQ Khans of Tarkir (Stockholm, Sweden)",12,16/08/14
http://www.mtgtop8.com/event?e=8016&d=246178&f=MO,Affinity,http://www.mtgtop8.com/search?player=Mattias+Anderson,Mattias Anderson,http://www.mtgtop8.com/event?e=8016&f=MO,"PTQ Khans of Tarkir (Stockholm, Sweden)",10,16/08/14
http://www.mtgtop8.com/event?e=8056&d=246445&f=MO,Affinity,http://www.mtgtop8.com/search?player=Daniel+Fior,Daniel Fior,http://www.mtgtop8.com/event?e=8056&f=MO,"PTQ Khans of Tarkir (Riccione, Italy)",12,16/08/14
http://www.mtgtop8.com/event?e=7988&d=245960&f=MO,Affinity,http://www.mtgtop8.com/search?player=Higdur,Higdur,http://www.mtgtop8.com/event?e=7988&f=MO,MTGO Modern Premier (#7356119),1,11/8/2014
http://www.mtgtop8.com/event?e=7988&d=245965&f=MO,Affinity,http://www.mtgtop8.com/search?player=Zurrior,Zurrior,http://www.mtgtop8.com/event?e=7988&f=MO,MTGO Modern Premier (#7356119),16,11/8/2014
http://www.mtgtop8.com/event?e=7990&d=245974&f=MO,Affinity,http://www.mtgtop8.com/search?player=Ryuji,Ryuji,http://www.mtgtop8.com/event?e=7990&f=MO,MTGO Modern Daily (#7356154),7,11/8/2014
http://www.mtgtop8.com/event?e=7990&d=245975&f=MO,Affinity,http://www.mtgtop8.com/search?player=coldmind,coldmind,http://www.mtgtop8.com/event?e=7990&f=MO,MTGO Modern Daily (#7356154),5,11/8/2014
http://www.mtgtop8.com/event?e=7990&d=245976&f=MO,Affinity,http://www.mtgtop8.com/search?player=MagicPlayer926491029385,MagicPlayer926491029385,http://www.mtgtop8.com/event?e=7990&f=MO,MTGO Modern Daily (#7356154),3,11/8/2014
http://www.mtgtop8.com/event?e=7984&d=245938&f=MO,Affinity,http://www.mtgtop8.com/search?player=FakiVll,FakiVll,http://www.mtgtop8.com/event?e=7984&f=MO,MTGO Modern Daily (#7356117),1,10/8/2014
http://www.mtgtop8.com/event?e=7971&d=245894&f=MO,Affinity,http://www.mtgtop8.com/search?player=sandydogmtg,sandydogmtg,http://www.mtgtop8.com/event?e=7971&f=MO,MTGO Modern Daily (#7356006),3,8/8/2014
http://www.mtgtop8.com/event?e=7961&d=245826&f=MO,Affinity,http://www.mtgtop8.com/search?player=lotushead666,lotushead666,http://www.mtgtop8.com/event?e=7961&f=MO,MTGO Modern Daily (#7332919),8,5/8/2014
http://www.mtgtop8.com/event?e=7937&d=245645&f=MO,Affinity,http://www.mtgtop8.com/search?player=holroyd22012,holroyd22012,http://www.mtgtop8.com/event?e=7937&f=MO,MTGO Modern Premier (#7332812),13,3/8/2014
http://www.mtgtop8.com/event?e=7937&d=245648&f=MO,Affinity,http://www.mtgtop8.com/search?player=d4ygum,d4ygum,http://www.mtgtop8.com/event?e=7937&f=MO,MTGO Modern Premier (#7332812),15,3/8/2014
http://www.mtgtop8.com/event?e=7963&d=245839&f=MO,Affinity,http://www.mtgtop8.com/search?player=Chris+Beans,Chris Beans,http://www.mtgtop8.com/event?e=7963&f=MO,2014 Modern State Championships - Florida,8,3/8/2014
http://www.mtgtop8.com/event?e=7964&d=245848&f=MO,Affinity,http://www.mtgtop8.com/search?player=Christopher+Chichy+Jr,Christopher Chichy Jr.,http://www.mtgtop8.com/event?e=7964&f=MO,2014 Modern State Championships - Pennsylvania,6,3/8/2014
http://www.mtgtop8.com/event?e=7965&d=245861&f=MO,Affinity,http://www.mtgtop8.com/search?player=Scott+Sorensen,Scott Sorensen,http://www.mtgtop8.com/event?e=7965&f=MO,2014 Modern State Championships - New Hampshire,3,3/8/2014
http://www.mtgtop8.com/event?e=7996&d=246012&f=MO,Affinity,http://www.mtgtop8.com/search?player=Ryan+Schumacher,Ryan Schumacher,http://www.mtgtop8.com/event?e=7996&f=MO,2014 Modern State Championships - Massachusetts,12,3/8/2014
http://www.mtgtop8.com/event?e=7997&d=246019&f=MO,Affinity,http://www.mtgtop8.com/search?player=Peter+Ceprano,Peter Ceprano,http://www.mtgtop8.com/event?e=7997&f=MO,2014 Modern State Championships - Maine,12,3/8/2014
http://www.mtgtop8.com/event?e=8000&d=246039&f=MO,Affinity,http://www.mtgtop8.com/search?player=Brent+Del+Pino,Brent Del Pino,http://www.mtgtop8.com/event?e=8000&f=MO,2014 Modern State Championships - Louisiana,10,3/8/2014
http://www.mtgtop8.com/event?e=8000&d=246041&f=MO,Affinity,http://www.mtgtop8.com/search?player=John+Freitas,John Freitas,http://www.mtgtop8.com/event?e=8000&f=MO,2014 Modern State Championships - Louisiana,10,3/8/2014
http://www.mtgtop8.com/event?e=8001&d=246052&f=MO,Affinity,http://www.mtgtop8.com/search?player=Spencer+Janssen,Spencer Janssen,http://www.mtgtop8.com/event?e=8001&f=MO,2014 Modern State Championships - Nebraska,10,3/8/2014
http://www.mtgtop8.com/event?e=8001&d=246054&f=MO,Affinity,http://www.mtgtop8.com/search?player=Alex+Fisher,Alex Fisher,http://www.mtgtop8.com/event?e=8001&f=MO,2014 Modern State Championships - Nebraska,1,3/8/2014
http://www.mtgtop8.com/event?e=8004&d=246080&f=MO,Affinity,http://www.mtgtop8.com/search?player=Yi+Liu,Yi Liu,http://www.mtgtop8.com/event?e=8004&f=MO,2014 Modern State Championships - California,10,3/8/2014
http://www.mtgtop8.com/event?e=8004&d=246086&f=MO,Affinity,http://www.mtgtop8.com/search?player=Richard+Liu,Richard Liu,http://www.mtgtop8.com/event?e=8004&f=MO,2014 Modern State Championships - California,1,3/8/2014
http://www.mtgtop8.com/event?e=8005&d=246092&f=MO,Affinity,http://www.mtgtop8.com/search?player=Blake+Bailes,Blake Bailes,http://www.mtgtop8.com/event?e=8005&f=MO,2014 Modern State Championships - South Carolina,8,3/8/2014
http://www.mtgtop8.com/event?e=8017&d=246184&f=MO,Affinity,http://www.mtgtop8.com/search?player=Ryan+Case,Ryan Case,http://www.mtgtop8.com/event?e=8017&f=MO,2014 Modern State Championships - Mississippi,10,3/8/2014
http://www.mtgtop8.com/event?e=8018&d=246193&f=MO,Affinity,http://www.mtgtop8.com/search?player=Ian+Losch,Ian Losch,http://www.mtgtop8.com/event?e=8018&f=MO,2014 Modern State Championships - Ohio,10,3/8/2014
http://www.mtgtop8.com/event?e=8018&d=246194&f=MO,Affinity,http://www.mtgtop8.com/search?player=Mark+Schoonover,Mark Schoonover,http://www.mtgtop8.com/event?e=8018&f=MO,2014 Modern State Championships - Ohio,2,3/8/2014
http://www.mtgtop8.com/event?e=8022&d=246221&f=MO,Affinity,http://www.mtgtop8.com/search?player=Ryan+Morlock,Ryan Morlock,http://www.mtgtop8.com/event?e=8022&f=MO,SCG Premier IQ - Dallas,14,3/8/2014
http://www.mtgtop8.com/event?e=7931&d=245606&f=MO,Affinity,http://www.mtgtop8.com/search?player=austindz2,austindz2,http://www.mtgtop8.com/event?e=7931&f=MO,MTGO Modern Daily (#7332810),4,2/8/2014
http://www.mtgtop8.com/event?e=7932&d=245620&f=MO,Affinity,http://www.mtgtop8.com/search?player=Dr_Macoler_,Dr_Macoler_,http://www.mtgtop8.com/event?e=7932&f=MO,MTGO Modern Premier (#7332801),5,2/8/2014
http://www.mtgtop8.com/event?e=7932&d=245622&f=MO,Affinity,http://www.mtgtop8.com/search?player=Yunhao_Wu_CHN,Yunhao_Wu_CHN,http://www.mtgtop8.com/event?e=7932&f=MO,MTGO Modern Premier (#7332801),3,2/8/2014
http://www.mtgtop8.com/event?e=7930&d=245602&f=MO,Affinity,http://www.mtgtop8.com/search?player=EskimoJoe,EskimoJoe,http://www.mtgtop8.com/event?e=7930&f=MO,MTGO Modern Daily (#7332766),3,1/8/2014
http://www.mtgtop8.com/event?e=7955&d=245792&f=MO,Affinity,http://www.mtgtop8.com/search?player=Karna33,Karna33,http://www.mtgtop8.com/event?e=7955&f=MO,MTGO Modern Daily (#7313513),1,29/07/14
http://www.mtgtop8.com/event?e=7919&d=245564&f=MO,Affinity,http://www.mtgtop8.com/search?player=Karna33,Karna33,http://www.mtgtop8.com/event?e=7919&f=MO,MTGO Modern Daily (#7313485),4,28/07/14
http://www.mtgtop8.com/event?e=7905&d=245450&f=MO,Affinity,http://www.mtgtop8.com/search?player=Nathan+Jones,Nathan Jones,http://www.mtgtop8.com/event?e=7905&f=MO,Grand Prix Boston 2014,10,27/07/14
http://www.mtgtop8.com/event?e=7905&d=245454&f=MO,Affinity,http://www.mtgtop8.com/search?player=Alex+Bertoncini,Alex Bertoncini,http://www.mtgtop8.com/event?e=7905&f=MO,Grand Prix Boston 2014,12,27/07/14
http://www.mtgtop8.com/event?e=7947&d=245722&f=MO,Affinity,http://www.mtgtop8.com/search?player=Hans+Napp,Hans Napp,http://www.mtgtop8.com/event?e=7947&f=MO,"PTQ Khans of Tarkir (St. Louis, Missouri)",6,26/07/14
http://www.mtgtop8.com/event?e=7898&d=245428&f=MO,Affinity,http://www.mtgtop8.com/search?player=DreamWizard,DreamWizard,http://www.mtgtop8.com/event?e=7898&f=MO,MTGO Modern Daily (#7313337),5,25/07/14
http://www.mtgtop8.com/event?e=7898&d=245430&f=MO,Affinity,http://www.mtgtop8.com/search?player=Ellison,Ellison,http://www.mtgtop8.com/event?e=7898&f=MO,MTGO Modern Daily (#7313337),1,25/07/14
http://www.mtgtop8.com/event?e=7906&d=245470&f=MO,Affinity,http://www.mtgtop8.com/search?player=Pieter+Tubergen,Pieter Tubergen,http://www.mtgtop8.com/event?e=7906&f=MO,GP Boston 2014 - Trial Winners,1,25/07/14
http://www.mtgtop8.com/event?e=7906&d=245471&f=MO,Affinity,http://www.mtgtop8.com/search?player=Matthew+Williams,Matthew Williams,http://www.mtgtop8.com/event?e=7906&f=MO,GP Boston 2014 - Trial Winners,1,25/07/14
http://www.mtgtop8.com/event?e=7906&d=245490&f=MO,Affinity,http://www.mtgtop8.com/search?player=Paul+Mendez,Paul Mendez,http://www.mtgtop8.com/event?e=7906&f=MO,GP Boston 2014 - Trial Winners,1,25/07/14
http://www.mtgtop8.com/event?e=7868&d=245292&f=MO,Affinity,http://www.mtgtop8.com/search?player=Ellison,Ellison,http://www.mtgtop8.com/event?e=7868&f=MO,MTGO Modern Daily (#7299767),2,22/07/14
http://www.mtgtop8.com/event?e=7868&d=245293&f=MO,Affinity,http://www.mtgtop8.com/search?player=wgnra0530,wgnra0530,http://www.mtgtop8.com/event?e=7868&f=MO,MTGO Modern Daily (#7299767),3,22/07/14
http://www.mtgtop8.com/event?e=7865&d=245282&f=MO,Affinity,http://www.mtgtop8.com/search?player=djbmppwns,djbmppwns,http://www.mtgtop8.com/event?e=7865&f=MO,MTGO Modern Daily (#7299759),2,21/07/14
http://www.mtgtop8.com/event?e=7869&d=245304&f=MO,Affinity,http://www.mtgtop8.com/search?player=WhiteStripe,WhiteStripe,http://www.mtgtop8.com/event?e=7869&f=MO,MTGO Modern Premier (#7299721),2,21/07/14
http://www.mtgtop8.com/event?e=7843&d=245152&f=MO,Affinity,http://www.mtgtop8.com/search?player=Beaubafett,Beaubafett,http://www.mtgtop8.com/event?e=7843&f=MO,MTGO Modern Daily (#7299719),4,20/07/14
http://www.mtgtop8.com/event?e=7852&d=245226&f=MO,Affinity,http://www.mtgtop8.com/search?player=Hozumi+Masashi,Hozumi Masashi,http://www.mtgtop8.com/event?e=7852&f=MO,GPT Kobe in Ikkokukan Machida,3,20/07/14
http://www.mtgtop8.com/event?e=7831&d=245074&f=MO,Affinity,http://www.mtgtop8.com/search?player=Yunhao_Wu_CHN,Yunhao_Wu_CHN,http://www.mtgtop8.com/event?e=7831&f=MO,MTGO Modern Premier (#7299662),2,19/07/14
http://www.mtgtop8.com/event?e=7854&d=245230&f=MO,Affinity,http://www.mtgtop8.com/search?player=Mario+Anula,Mario Anula,http://www.mtgtop8.com/event?e=7854&f=MO,Evomodern,7,19/07/14
http://www.mtgtop8.com/event?e=7854&d=245231&f=MO,Affinity,http://www.mtgtop8.com/search?player=Edward+Sanchez,Edward Sanchez,http://www.mtgtop8.com/event?e=7854&f=MO,Evomodern,8,19/07/14
http://www.mtgtop8.com/event?e=7854&d=245236&f=MO,Affinity,http://www.mtgtop8.com/search?player=Adrian+Retamosa,Adrian Retamosa,http://www.mtgtop8.com/event?e=7854&f=MO,Evomodern,1,19/07/14
http://www.mtgtop8.com/event?e=7890&d=245385&f=MO,Affinity,http://www.mtgtop8.com/search?player=Antonio+Martos,Antonio Martos,http://www.mtgtop8.com/event?e=7890&f=MO,4º Open Modern Catalunya,1,19/07/14
http://www.mtgtop8.com/event?e=7819&d=245039&f=MO,Affinity,http://www.mtgtop8.com/search?player=Metric_Blindness,Metric_Blindness,http://www.mtgtop8.com/event?e=7819&f=MO,MTGO Modern Daily (#7283195),3,16/07/14
http://www.mtgtop8.com/event?e=7819&d=245041&f=MO,Affinity,http://www.mtgtop8.com/search?player=Diem4x,Diem4x,http://www.mtgtop8.com/event?e=7819&f=MO,MTGO Modern Daily (#7283195),5,16/07/14
http://www.mtgtop8.com/event?e=7807&d=244976&f=MO,Affinity,http://www.mtgtop8.com/search?player=coldmind,coldmind,http://www.mtgtop8.com/event?e=7807&f=MO,MTGO Modern Daily (#7283187),5,15/07/14
http://www.mtgtop8.com/event?e=7811&d=244994&f=MO,Affinity,http://www.mtgtop8.com/search?player=Ggb,Ggb,http://www.mtgtop8.com/event?e=7811&f=MO,MTGO Modern Premier (#7283118),5,14/07/14
http://www.mtgtop8.com/event?e=7811&d=245001&f=MO,Affinity,http://www.mtgtop8.com/search?player=Andrea94,Andrea94,http://www.mtgtop8.com/event?e=7811&f=MO,MTGO Modern Premier (#7283118),1,14/07/14
http://www.mtgtop8.com/event?e=7791&d=244859&f=MO,Affinity,http://www.mtgtop8.com/search?player=Joshsantos92,Joshsantos92,http://www.mtgtop8.com/event?e=7791&f=MO,MTGO Modern Premier (#7283071),4,13/07/14
http://www.mtgtop8.com/event?e=7799&d=244916&f=MO,Affinity,http://www.mtgtop8.com/search?player=Andrea94,Andrea94,http://www.mtgtop8.com/event?e=7799&f=MO,MTGO Modern Premier (#7283106),6,13/07/14
http://www.mtgtop8.com/event?e=7840&d=245144&f=MO,Affinity,http://www.mtgtop8.com/search?player=Klaas+Grüber,Klaas Grüber,http://www.mtgtop8.com/event?e=7840&f=MO,"PTQ Khans of Tarkir (Hannover, Germany)",10,13/07/14
http://www.mtgtop8.com/event?e=7786&d=244824&f=MO,Affinity,http://www.mtgtop8.com/search?player=wgnra0530,wgnra0530,http://www.mtgtop8.com/event?e=7786&f=MO,MTGO Modern Premier (#7283059),5,12/7/2014
http://www.mtgtop8.com/event?e=7756&d=244629&f=MO,Affinity,http://www.mtgtop8.com/search?player=OlleR,OlleR,http://www.mtgtop8.com/event?e=7756&f=MO,MTGO Modern Daily (#7263515),7,8/7/2014
http://www.mtgtop8.com/event?e=7760&d=244657&f=MO,Affinity,http://www.mtgtop8.com/search?player=DaveLombardoJr,DaveLombardoJr,http://www.mtgtop8.com/event?e=7760&f=MO,MTGO Modern Premier (#7263446),2,7/7/2014
http://www.mtgtop8.com/event?e=7760&d=244659&f=MO,Affinity,http://www.mtgtop8.com/search?player=VenioEtVinco,VenioEtVinco,http://www.mtgtop8.com/event?e=7760&f=MO,MTGO Modern Premier (#7263446),16,7/7/2014
http://www.mtgtop8.com/event?e=7760&d=244660&f=MO,Affinity,http://www.mtgtop8.com/search?player=LucaAshok,LucaAshok,http://www.mtgtop8.com/event?e=7760&f=MO,MTGO Modern Premier (#7263446),13,7/7/2014
http://www.mtgtop8.com/event?e=7761&d=244668&f=MO,Affinity,http://www.mtgtop8.com/search?player=_megafone_,_megafone_,http://www.mtgtop8.com/event?e=7761&f=MO,MTGO Modern Premier (#7263399),3,6/7/2014
http://www.mtgtop8.com/event?e=7762&d=244684&f=MO,Affinity,http://www.mtgtop8.com/search?player=Yunhao_Wu_CHN,Yunhao_Wu_CHN,http://www.mtgtop8.com/event?e=7762&f=MO,MTGO Modern Premier (#7263434),4,6/7/2014
http://www.mtgtop8.com/event?e=7762&d=244693&f=MO,Affinity,http://www.mtgtop8.com/search?player=not_a_recluse,not_a_recluse,http://www.mtgtop8.com/event?e=7762&f=MO,MTGO Modern Premier (#7263434),2,6/7/2014
http://www.mtgtop8.com/event?e=7788&d=244840&f=MO,Affinity,http://www.mtgtop8.com/search?player=Jordan+A.+Drudis,Jordan A. Drudis,http://www.mtgtop8.com/event?e=7788&f=MO,Clasificatorio para MagicLleidaCup,1,6/7/2014
http://www.mtgtop8.com/event?e=7849&d=245187&f=MO,Affinity,http://www.mtgtop8.com/search?player=Abraham+Lesmana,Abraham Lesmana,http://www.mtgtop8.com/event?e=7849&f=MO,"PTQ Khans of Tarkir (Surabaya, Indonesia)",10,6/7/2014
http://www.mtgtop8.com/event?e=7860&d=245253&f=MO,Affinity,http://www.mtgtop8.com/search?player=Raul+Cayeiro,Raul Cayeiro,http://www.mtgtop8.com/event?e=7860&f=MO,"PTQ Khans of Tarkir (Murcia, Spain)",10,6/7/2014
http://www.mtgtop8.com/event?e=7861&d=245265&f=MO,Affinity,http://www.mtgtop8.com/search?player=Richard+Anderson,Richard Anderson,http://www.mtgtop8.com/event?e=7861&f=MO,"PTQ Khans of Tarkir (Wilmington, Delaware)",10,6/7/2014
http://www.mtgtop8.com/event?e=7962&d=245834&f=MO,Affinity,http://www.mtgtop8.com/search?player=Lucio+Lodato,Lucio Lodato,http://www.mtgtop8.com/event?e=7962&f=MO,IMT 5 - Italian Magic Tour - Milano,12,6/7/2014
http://www.mtgtop8.com/event?e=7740&d=244542&f=MO,Affinity,http://www.mtgtop8.com/search?player=kokopaypay,kokopaypay,http://www.mtgtop8.com/event?e=7740&f=MO,MTGO Modern Premier (#7263356),1,5/7/2014
http://www.mtgtop8.com/event?e=7741&d=244551&f=MO,Affinity,http://www.mtgtop8.com/search?player=Yunhao_Wu_CHN,Yunhao_Wu_CHN,http://www.mtgtop8.com/event?e=7741&f=MO,MTGO Modern Premier (#7263387),3,5/7/2014
http://www.mtgtop8.com/event?e=7858&d=245246&f=MO,Affinity,http://www.mtgtop8.com/search?player=Chris+Fitzpatrick,Chris Fitzpatrick,http://www.mtgtop8.com/event?e=7858&f=MO,"PTQ Khans of Tarkir (Monroeville, Pennsylvania)",10,5/7/2014
http://www.mtgtop8.com/event?e=7858&d=245247&f=MO,Affinity,http://www.mtgtop8.com/search?player=Chris+Kroneberger,Chris Kroneberger,http://www.mtgtop8.com/event?e=7858&f=MO,"PTQ Khans of Tarkir (Monroeville, Pennsylvania)",10,5/7/2014
http://www.mtgtop8.com/event?e=7892&d=245405&f=MO,Affinity,http://www.mtgtop8.com/search?player=John+Cuvelier,John Cuvelier,http://www.mtgtop8.com/event?e=7892&f=MO,"PTQ Khans of Tarkir (Maitland, Florida)",10,5/7/2014
http://www.mtgtop8.com/event?e=7702&d=244249&f=MO,Affinity,http://www.mtgtop8.com/search?player=cdegan,cdegan,http://www.mtgtop8.com/event?e=7702&f=MO,MTGO Modern Premier (#7242013),2,30/06/14
http://www.mtgtop8.com/event?e=7725&d=244460&f=MO,Affinity,http://www.mtgtop8.com/search?player=pwncakes,pwncakes,http://www.mtgtop8.com/event?e=7725&f=MO,MTGO Modern Daily (#7242048),5,30/06/14
http://www.mtgtop8.com/event?e=7710&d=244325&f=MO,Affinity,http://www.mtgtop8.com/search?player=cdegan,cdegan,http://www.mtgtop8.com/event?e=7710&f=MO,MTGO Modern Premier (#7242002),6,29/06/14
http://www.mtgtop8.com/event?e=7709&d=244309&f=MO,Affinity,http://www.mtgtop8.com/search?player=Garpenlol,Garpenlol,http://www.mtgtop8.com/event?e=7709&f=MO,MTGO Modern Premier (#7241958),10,28/06/14
http://www.mtgtop8.com/event?e=7709&d=244322&f=MO,Affinity,http://www.mtgtop8.com/search?player=Ryuji,Ryuji,http://www.mtgtop8.com/event?e=7709&f=MO,MTGO Modern Premier (#7241958),14,28/06/14
http://www.mtgtop8.com/event?e=7771&d=244744&f=MO,Affinity,http://www.mtgtop8.com/search?player=Ian+H,Ian H.,http://www.mtgtop8.com/event?e=7771&f=MO,"PTQ Khans of Tarkir (Boston, Massachusetts)",10,28/06/14
http://www.mtgtop8.com/event?e=7772&d=244748&f=MO,Affinity,http://www.mtgtop8.com/search?player=Blake+McCutcheon,Blake McCutcheon,http://www.mtgtop8.com/event?e=7772&f=MO,"PTQ Khans of Tarkir (Little Rock, Arkansas)",2,28/06/14
http://www.mtgtop8.com/event?e=7801&d=244935&f=MO,Affinity,http://www.mtgtop8.com/search?player=Rolands+Lavzums,Rolands Lavzums,http://www.mtgtop8.com/event?e=7801&f=MO,TMVgames.com $5k,12,28/06/14
http://www.mtgtop8.com/event?e=7801&d=244938&f=MO,Affinity,http://www.mtgtop8.com/search?player=Dean+Homan+,Dean Homan,http://www.mtgtop8.com/event?e=7801&f=MO,TMVgames.com $5k,10,28/06/14
http://www.mtgtop8.com/event?e=7891&d=245397&f=MO,Affinity,http://www.mtgtop8.com/search?player=Alex+Bertoncini,Alex Bertoncini,http://www.mtgtop8.com/event?e=7891&f=MO,"PTQ Khans of Tarkir (Richmond, Kentucky)",3,28/06/14
http://www.mtgtop8.com/event?e=7891&d=245398&f=MO,Affinity,http://www.mtgtop8.com/search?player=Lukas+Parson,Lukas Parson,http://www.mtgtop8.com/event?e=7891&f=MO,"PTQ Khans of Tarkir (Richmond, Kentucky)",2,28/06/14
http://www.mtgtop8.com/event?e=7673&d=244068&f=MO,Affinity,http://www.mtgtop8.com/search?player=pwncakes,pwncakes,http://www.mtgtop8.com/event?e=7673&f=MO,MTGO Modern Daily (#7241901),1,27/06/14
http://www.mtgtop8.com/event?e=7688&d=244154&f=MO,Affinity,http://www.mtgtop8.com/search?player=lotushead666,lotushead666,http://www.mtgtop8.com/event?e=7688&f=MO,MTGO Modern Daily (#7241873),3,26/06/14
http://www.mtgtop8.com/event?e=7696&d=244220&f=MO,Affinity,http://www.mtgtop8.com/search?player=Dostov,Dostov,http://www.mtgtop8.com/event?e=7696&f=MO,MTGO Modern Daily (#7218390),3,24/06/14
http://www.mtgtop8.com/event?e=7689&d=244165&f=MO,Affinity,http://www.mtgtop8.com/search?player=F8iscruel,F8iscruel,http://www.mtgtop8.com/event?e=7689&f=MO,MTGO Modern Daily (#7218362),5,23/06/14
http://www.mtgtop8.com/event?e=7704&d=244276&f=MO,Affinity,http://www.mtgtop8.com/search?player=TyphoonBoon,TyphoonBoon,http://www.mtgtop8.com/event?e=7704&f=MO,MTGO Modern Premier (#7218327),2,23/06/14
